
> elephantnote@0.18.9 build:linux /home/runner/work/ElephantNote/ElephantNote/repo
> node build/scripts/run-tauri-build.mjs --config Elephant/backend/tauri/tauri.linux.conf.json

        Info Looking up installed tauri packages to check mismatched versions...
        Warn The bundle identifier "com.elephantnote.app" set in `"tauri.conf.json" identifier` ends with `.app`. This is not recommended because it conflicts with the application bundle extension on macOS.
     Running beforeBuildCommand `pnpm tauri:web:build`

> elephantnote@0.18.9 tauri:web:build /home/runner/work/ElephantNote/ElephantNote/repo
> node build/scripts/run-tauri-web-build.mjs

[addons] materialized Elephant-Addons 7f75c12e8002082489745605209b8a3f21f44184
[addons] prepared Tauri official addon resources at /home/runner/work/ElephantNote/ElephantNote/repo/Elephant/backend/tauri/resources/official-addons
[1m[92m     Removed[0m 0 files
[1m[92m   Compiling[0m unicode-ident v1.0.24
[1m[92m   Compiling[0m proc-macro2 v1.0.106
[1m[92m   Compiling[0m quote v1.0.46
[1m[92m   Compiling[0m wasm-bindgen-shared v0.2.126
[1m[92m   Compiling[0m serde_core v1.0.228
[1m[92m   Compiling[0m rustversion v1.0.23
[1m[92m   Compiling[0m zmij v1.0.23
[1m[92m   Compiling[0m serde_json v1.0.150
[1m[92m   Compiling[0m serde v1.0.228
[1m[92m   Compiling[0m bumpalo v3.20.3
[1m[92m   Compiling[0m wasm-bindgen v0.2.126
[1m[92m   Compiling[0m syn v2.0.118
[1m[92m   Compiling[0m itoa v1.0.18
[1m[92m   Compiling[0m memchr v2.8.3
[1m[92m   Compiling[0m unicode-segmentation v1.13.3
[1m[92m   Compiling[0m cfg-if v1.0.4
[1m[92m   Compiling[0m once_cell v1.21.4
[1m[92m   Compiling[0m wasm-bindgen-macro-support v0.2.126
[1m[92m   Compiling[0m serde_derive v1.0.228
[1m[92m   Compiling[0m wasm-bindgen-macro v0.2.126
[1m[92m   Compiling[0m muya-core v0.1.0 (/home/runner/work/ElephantNote/ElephantNote/repo/Elephant/crates/muya-core)
[0m[1m[33mwarning[0m[0m[1m: unused import: `SelectionPoint`[0m
[0m [0m[0m[1m[38;5;12m--> [0m[0m/home/runner/work/ElephantNote/ElephantNote/repo/Elephant/crates/muya-core/src/edit/mark_fragment_toggle.rs:2:35[0m
[0m  [0m[0m[1m[38;5;12m|[0m
[0m[1m[38;5;12m2[0m[0m [0m[0m[1m[38;5;12m|[0m[0m [0m[0muse crate::selection::{Selection, SelectionPoint};[0m
[0m  [0m[0m[1m[38;5;12m|[0m[0m                                   [0m[0m[1m[33m^^^^^^^^^^^^^^[0m
[0m  [0m[0m[1m[38;5;12m|[0m
[0m  [0m[0m[1m[38;5;12m= [0m[0m[1mnote[0m[0m: `#[warn(unused_imports)]` (part of `#[warn(unused)]`) on by default[0m

[0m[1m[33mwarning[0m[0m[1m: unused import: `NodeId`[0m
[0m [0m[0m[1m[38;5;12m--> [0m[0m/home/runner/work/ElephantNote/ElephantNote/repo/Elephant/crates/muya-core/src/edit/mark_linked_same.rs:1:58[0m
[0m  [0m[0m[1m[38;5;12m|[0m
[0m[1m[38;5;12m1[0m[0m [0m[0m[1m[38;5;12m|[0m[0m [0m[0muse crate::model::{Document, InlineKind, InlineMarkKind, NodeId, NodeKind};[0m
[0m  [0m[0m[1m[38;5;12m|[0m[0m                                                          [0m[0m[1m[33m^^^^^^[0m

[0m[1m[33mwarning[0m[0m[1m: unused import: `NodeId`[0m
[0m [0m[0m[1m[38;5;12m--> [0m[0m/home/runner/work/ElephantNote/ElephantNote/repo/Elephant/crates/muya-core/src/edit/paragraph.rs:1:53[0m
[0m  [0m[0m[1m[38;5;12m|[0m
[0m[1m[38;5;12m1[0m[0m [0m[0m[1m[38;5;12m|[0m[0m [0m[0muse crate::model::{BlockKind, Document, InlineKind, NodeId, NodeKind};[0m
[0m  [0m[0m[1m[38;5;12m|[0m[0m                                                     [0m[0m[1m[33m^^^^^^[0m

[0m[1m[33mwarning[0m[0m[1m: unused import: `mark_fragments::build_partial_cross_wrapper_toggle`[0m
[0m  [0m[0m[1m[38;5;12m--> [0m[0m/home/runner/work/ElephantNote/ElephantNote/repo/Elephant/crates/muya-core/src/edit/mod.rs:31:16[0m
[0m   [0m[0m[1m[38;5;12m|[0m
[0m[1m[38;5;12m31[0m[0m [0m[0m[1m[38;5;12m|[0m[0m [0m[0mpub(crate) use mark_fragments::build_partial_cross_wrapper_toggle;[0m
[0m   [0m[0m[1m[38;5;12m|[0m[0m                [0m[0m[1m[33m^^^^^^^^^^^^^^^^^^^^^^^^^^^^^^^^^^^^^^^^^^^^^^^^^^[0m

[0m[1m[33mwarning[0m[0m[1m: value assigned to `next_id` is never read[0m
[0m   [0m[0m[1m[38;5;12m--> [0m[0m/home/runner/work/ElephantNote/ElephantNote/repo/Elephant/crates/muya-core/src/edit/paste.rs:104:7[0m
[0m    [0m[0m[1m[38;5;12m|[0m
[0m[1m[38;5;12m104[0m[0m [0m[0m[1m[38;5;12m|[0m[0m [0m[0m      next_id = next_id.saturating_add(1);[0m
[0m    [0m[0m[1m[38;5;12m|[0m[0m       [0m[0m[1m[33m^^^^^^^[0m
[0m    [0m[0m[1m[38;5;12m|[0m
[0m    [0m[0m[1m[38;5;12m= [0m[0m[1mhelp[0m[0m: maybe it is overwritten before being read?[0m
[0m    [0m[0m[1m[38;5;12m= [0m[0m[1mnote[0m[0m: `#[warn(unused_assignments)]` (part of `#[warn(unused)]`) on by default[0m

[0m[1m[33mwarning[0m[0m[1m: field `top_wrapper` is never read[0m
[0m  [0m[0m[1m[38;5;12m--> [0m[0m/home/runner/work/ElephantNote/ElephantNote/repo/Elephant/crates/muya-core/src/edit/paragraph_boundary.rs:27:3[0m
[0m   [0m[0m[1m[38;5;12m|[0m
[0m[1m[38;5;12m25[0m[0m [0m[0m[1m[38;5;12m|[0m[0m [0m[0mstruct BoundaryPath {[0m
[0m   [0m[0m[1m[38;5;12m|[0m[0m        [0m[0m[1m[38;5;12m------------[0m[0m [0m[0m[1m[38;5;12mfield in this struct[0m
[0m[1m[38;5;12m26[0m[0m [0m[0m[1m[38;5;12m|[0m[0m [0m[0m  paragraph: NodeId,[0m
[0m[1m[38;5;12m27[0m[0m [0m[0m[1m[38;5;12m|[0m[0m [0m[0m  top_wrapper: NodeId,[0m
[0m   [0m[0m[1m[38;5;12m|[0m[0m   [0m[0m[1m[33m^^^^^^^^^^^[0m
[0m   [0m[0m[1m[38;5;12m|[0m
[0m   [0m[0m[1m[38;5;12m= [0m[0m[1mnote[0m[0m: `#[warn(dead_code)]` (part of `#[warn(unused)]`) on by default[0m

[0m[1m[33mwarning[0m[0m[1m: field `cell` is never read[0m
[0m  [0m[0m[1m[38;5;12m--> [0m[0m/home/runner/work/ElephantNote/ElephantNote/repo/Elephant/crates/muya-core/src/features/table.rs:17:3[0m
[0m   [0m[0m[1m[38;5;12m|[0m
[0m[1m[38;5;12m14[0m[0m [0m[0m[1m[38;5;12m|[0m[0m [0m[0mstruct TableContext {[0m
[0m   [0m[0m[1m[38;5;12m|[0m[0m        [0m[0m[1m[38;5;12m------------[0m[0m [0m[0m[1m[38;5;12mfield in this struct[0m
[0m[1m[38;5;12m...[0m
[0m[1m[38;5;12m17[0m[0m [0m[0m[1m[38;5;12m|[0m[0m [0m[0m  cell: NodeId,[0m
[0m   [0m[0m[1m[38;5;12m|[0m[0m   [0m[0m[1m[33m^^^^[0m
[0m   [0m[0m[1m[38;5;12m|[0m
[0m   [0m[0m[1m[38;5;12m= [0m[0m[1mnote[0m[0m: `TableContext` has derived impls for the traits `Debug` and `Clone`, but these are intentionally ignored during dead code analysis[0m

[1m[33mwarning[0m: `muya-core` (lib) generated 7 warnings (run `cargo fix --lib -p muya-core` to apply 4 suggestions)
[1m[92m   Compiling[0m muya-wasm v0.1.0 (/home/runner/work/ElephantNote/ElephantNote/repo/Elephant/crates/muya-wasm)
[1m[92m    Finished[0m `release` profile [optimized] target(s) in 11.67s
[Muya Rust] generated browser package with wasm-bindgen 0.2.126
[36mvite v7.3.3 [32mbuilding client environment for production...[36m[39m
transforming...
[33m[plugin vite:resolve] Module "fs" has been externalized for browser compatibility, imported by "/home/runner/work/ElephantNote/ElephantNote/repo/Elephant/frontend/src/renderer/src/components/exportSettings/index.vue". See https://vite.dev/guide/troubleshooting.html#module-externalized-for-browser-compatibility for more details.[39m
[33m[plugin vite:resolve] Module "fs/promises" has been externalized for browser compatibility, imported by "/home/runner/work/ElephantNote/ElephantNote/repo/Elephant/frontend/src/renderer/src/components/exportSettings/index.vue". See https://vite.dev/guide/troubleshooting.html#module-externalized-for-browser-compatibility for more details.[39m
[33mElephant/node_modules/.pnpm/@vueuse+core@14.3.0_vue@3.5.34_typescript@6.0.3_/node_modules/@vueuse/core/dist/index.js (3362:0): A comment

"/* #__PURE__ */"

in "Elephant/node_modules/.pnpm/@vueuse+core@14.3.0_vue@3.5.34_typescript@6.0.3_/node_modules/@vueuse/core/dist/index.js" contains an annotation that Rollup cannot interpret due to the position of the comment. The comment will be removed to avoid issues.[39m
[33mElephant/node_modules/.pnpm/@vueuse+core@14.3.0_vue@3.5.34_typescript@6.0.3_/node_modules/@vueuse/core/dist/index.js (5780:22): A comment

"/* #__PURE__ */"

in "Elephant/node_modules/.pnpm/@vueuse+core@14.3.0_vue@3.5.34_typescript@6.0.3_/node_modules/@vueuse/core/dist/index.js" contains an annotation that Rollup cannot interpret due to the position of the comment. The comment will be removed to avoid issues.[39m
[33m[plugin vite:resolve] Module "crypto" has been externalized for browser compatibility, imported by "/home/runner/work/ElephantNote/ElephantNote/repo/Elephant/frontend/src/renderer/src/util/fileSystem.js". See https://vite.dev/guide/troubleshooting.html#module-externalized-for-browser-compatibility for more details.[39m
[33m[plugin vite:resolve] Module "fs" has been externalized for browser compatibility, imported by "/home/runner/work/ElephantNote/ElephantNote/repo/Elephant/frontend/src/renderer/src/util/fileSystem.js". See https://vite.dev/guide/troubleshooting.html#module-externalized-for-browser-compatibility for more details.[39m
[33m[plugin vite:resolve] Module "child_process" has been externalized for browser compatibility, imported by "/home/runner/work/ElephantNote/ElephantNote/repo/Elephant/frontend/src/renderer/src/util/fileSystem.js". See https://vite.dev/guide/troubleshooting.html#module-externalized-for-browser-compatibility for more details.[39m
[33m[plugin vite:resolve] Module "os" has been externalized for browser compatibility, imported by "/home/runner/work/ElephantNote/ElephantNote/repo/Elephant/frontend/src/renderer/src/util/fileSystem.js". See https://vite.dev/guide/troubleshooting.html#module-externalized-for-browser-compatibility for more details.[39m
[33m[plugin vite:resolve] Module "zlib" has been externalized for browser compatibility, imported by "/home/runner/work/ElephantNote/ElephantNote/repo/Elephant/frontend/src/muya/lib/parser/render/plantuml.js". See https://vite.dev/guide/troubleshooting.html#module-externalized-for-browser-compatibility for more details.[39m

danielbd.woff2 referenced in danielbd.woff2 didn't resolve at build time, it will remain unchanged to be resolved at runtime

danielbd.woff referenced in danielbd.woff didn't resolve at build time, it will remain unchanged to be resolved at runtime
[33m[plugin vite:resolve] Module "child_process" has been externalized for browser compatibility, imported by "/home/runner/work/ElephantNote/ElephantNote/repo/Elephant/frontend/src/renderer/src/node/fileSearcher.js". See https://vite.dev/guide/troubleshooting.html#module-externalized-for-browser-compatibility for more details.[39m
[33m[plugin vite:resolve] Module "child_process" has been externalized for browser compatibility, imported by "/home/runner/work/ElephantNote/ElephantNote/repo/Elephant/frontend/src/renderer/src/node/ripgrepSearcher.js". See https://vite.dev/guide/troubleshooting.html#module-externalized-for-browser-compatibility for more details.[39m
[33mElephant/frontend/src/renderer/src/node/ripgrepSearcher.js (229:27): "spawn" is not exported by "__vite-browser-external", imported by "Elephant/frontend/src/renderer/src/node/ripgrepSearcher.js".[39m
[33mElephant/frontend/src/renderer/src/node/fileSearcher.js (28:27): "spawn" is not exported by "__vite-browser-external", imported by "Elephant/frontend/src/renderer/src/node/fileSearcher.js".[39m
[33mElephant/frontend/src/renderer/src/util/fileSystem.js (161:38): "tmpdir" is not exported by "__vite-browser-external", imported by "Elephant/frontend/src/renderer/src/util/fileSystem.js".[39m
[33mElephant/frontend/src/renderer/src/util/fileSystem.js (197:23): "exec" is not exported by "__vite-browser-external", imported by "Elephant/frontend/src/renderer/src/util/fileSystem.js".[39m
[33mElephant/frontend/src/renderer/src/util/fileSystem.js (216:23): "execFile" is not exported by "__vite-browser-external", imported by "Elephant/frontend/src/renderer/src/util/fileSystem.js".[39m
[33mElephant/frontend/src/renderer/src/util/fileSystem.js (287:20): "statSync" is not exported by "__vite-browser-external", imported by "Elephant/frontend/src/renderer/src/util/fileSystem.js".[39m
[33mElephant/frontend/src/renderer/src/util/fileSystem.js (291:47): "constants" is not exported by "__vite-browser-external", imported by "Elephant/frontend/src/renderer/src/util/fileSystem.js".[39m
[33mElephant/frontend/src/renderer/src/util/fileSystem.js (291:70): "constants" is not exported by "__vite-browser-external", imported by "Elephant/frontend/src/renderer/src/util/fileSystem.js".[39m
[33mElephant/frontend/src/renderer/src/util/fileSystem.js (291:93): "constants" is not exported by "__vite-browser-external", imported by "Elephant/frontend/src/renderer/src/util/fileSystem.js".[39m
[32m✓[39m 7021 modules transformed.
rendering chunks...
[33m[plugin vite:reporter] 
(!) /home/runner/work/ElephantNote/ElephantNote/repo/Elephant/node_modules/.pnpm/katex@0.16.47/node_modules/katex/dist/katex.mjs is dynamically imported by /home/runner/work/ElephantNote/ElephantNote/repo/Elephant/frontend/src/renderer/src/muya/previewRenderersRuntime.js, /home/runner/work/ElephantNote/ElephantNote/repo/Elephant/node_modules/.pnpm/mermaid@11.15.0/node_modules/mermaid/dist/chunks/mermaid.core/chunk-CSCIHK7Q.mjs but also statically imported by /home/runner/work/ElephantNote/ElephantNote/repo/Elephant/frontend/src/muya/lib/parser/render/renderBlock/renderLeafBlock.js, /home/runner/work/ElephantNote/ElephantNote/repo/Elephant/frontend/src/muya/lib/parser/render/renderInlines/inlineMath.js, /home/runner/work/ElephantNote/ElephantNote/repo/Elephant/frontend/src/muya/lib/utils/exportHtml.js, dynamic import will not move module into another chunk.
[39m
[33m[plugin vite:reporter] 
(!) /home/runner/work/ElephantNote/ElephantNote/repo/Elephant/frontend/app/services/elephantnoteClient.js is dynamically imported by /home/runner/work/ElephantNote/ElephantNote/repo/Elephant/frontend/app/stores/navigationStore.js, /home/runner/work/ElephantNote/ElephantNote/repo/Elephant/frontend/src/renderer/src/store/addons.js but also statically imported by /home/runner/work/ElephantNote/ElephantNote/repo/Elephant/frontend/app/components/editor/NoteEditorHost.vue, /home/runner/work/ElephantNote/ElephantNote/repo/Elephant/frontend/app/components/library/LibraryGrid.vue, /home/runner/work/ElephantNote/ElephantNote/repo/Elephant/frontend/app/components/library/LibraryToolbar.vue, /home/runner/work/ElephantNote/ElephantNote/repo/Elephant/frontend/app/components/navigation/SidebarNav.vue, /home/runner/work/ElephantNote/ElephantNote/repo/Elephant/frontend/app/components/navigation/SidebarTreeEntry.vue, /home/runner/work/ElephantNote/ElephantNote/repo/Elephant/frontend/app/components/shell/AppShell.vue, /home/runner/work/ElephantNote/ElephantNote/repo/Elephant/frontend/app/stores/searchStore.js, /home/runner/work/ElephantNote/ElephantNote/repo/Elephant/frontend/app/stores/vaultStore.js, /home/runner/work/ElephantNote/ElephantNote/repo/Elephant/frontend/src/renderer/src/addons/builtin/ui/AddonPacksSettings.vue, /home/runner/work/ElephantNote/ElephantNote/repo/Elephant/frontend/src/renderer/src/main.js, dynamic import will not move module into another chunk.
[39m
[33m[plugin vite:reporter] 
(!) /home/runner/work/ElephantNote/ElephantNote/repo/Elephant/frontend/app/stores/vaultStore.js is dynamically imported by /home/runner/work/ElephantNote/ElephantNote/repo/Elephant/frontend/src/renderer/src/store/addons.js but also statically imported by /home/runner/work/ElephantNote/ElephantNote/repo/Elephant/frontend/app/components/editor/NoteEditorHost.vue, /home/runner/work/ElephantNote/ElephantNote/repo/Elephant/frontend/app/components/library/LibraryGrid.vue, /home/runner/work/ElephantNote/ElephantNote/repo/Elephant/frontend/app/components/library/LibraryToolbar.vue, /home/runner/work/ElephantNote/ElephantNote/repo/Elephant/frontend/app/components/library/NoteCard.vue, /home/runner/work/ElephantNote/ElephantNote/repo/Elephant/frontend/app/components/navigation/IconRail.vue, /home/runner/work/ElephantNote/ElephantNote/repo/Elephant/frontend/app/components/navigation/NavigationBar.vue, /home/runner/work/ElephantNote/ElephantNote/repo/Elephant/frontend/app/components/navigation/SidebarNav.vue, /home/runner/work/ElephantNote/ElephantNote/repo/Elephant/frontend/app/components/navigation/SidebarTreeEntry.vue, /home/runner/work/ElephantNote/ElephantNote/repo/Elephant/frontend/app/components/settings/SettingsPanel.vue, /home/runner/work/ElephantNote/ElephantNote/repo/Elephant/frontend/app/components/shell/AppShell.vue, /home/runner/work/ElephantNote/ElephantNote/repo/Elephant/frontend/app/components/shell/MainContent.vue, /home/runner/work/ElephantNote/ElephantNote/repo/Elephant/frontend/app/stores/searchStore.js, /home/runner/work/ElephantNote/ElephantNote/repo/Elephant/frontend/src/renderer/src/addons/builtin/excalidraw.js, /home/runner/work/ElephantNote/ElephantNote/repo/Elephant/frontend/src/renderer/src/addons/builtin/ui/ExcalidrawEditorOverlay.vue, /home/runner/work/ElephantNote/ElephantNote/repo/Elephant/frontend/src/renderer/src/platform/acceptanceTestBridge.js, /home/runner/work/ElephantNote/ElephantNote/repo/Elephant/frontend/src/renderer/src/platform/mobileInteractionRuntime.js, /home/runner/work/ElephantNote/ElephantNote/repo/Elephant/frontend/src/renderer/src/platform/noteCitationRuntime.js, /home/runner/work/ElephantNote/ElephantNote/repo/Elephant/frontend/src/renderer/src/platform/storeDiagnostics.js, dynamic import will not move module into another chunk.
[39m
[33m[plugin vite:reporter] 
(!) /home/runner/work/ElephantNote/ElephantNote/repo/Elephant/node_modules/.pnpm/@tauri-apps+api@2.11.1/node_modules/@tauri-apps/api/path.js is dynamically imported by /home/runner/work/ElephantNote/ElephantNote/repo/Elephant/frontend/src/renderer/src/platform/mobileVaultBridge.js but also statically imported by /home/runner/work/ElephantNote/ElephantNote/repo/Elephant/frontend/src/renderer/src/main.js, dynamic import will not move module into another chunk.
[39m
computing gzip size...
[2m../../../../build/out/renderer/[22m[32mindex.html                                             [39m[1m[2m    3.55 kB[22m[1m[22m[2m │ gzip:     1.49 kB[22m
[2m../../../../build/out/renderer/[22m[2massets/[22m[32mKaTeX_Size3-Regular-CTq5MqoE.woff               [39m[1m[2m    4.42 kB[22m[1m[22m
[2m../../../../build/out/renderer/[22m[2massets/[22m[32mKaTeX_Size4-Regular-Dl5lxZxV.woff2              [39m[1m[2m    4.93 kB[22m[1m[22m
[2m../../../../build/out/renderer/[22m[2massets/[22m[32mKaTeX_Size2-Regular-Dy4dx90m.woff2              [39m[1m[2m    5.21 kB[22m[1m[22m
[2m../../../../build/out/renderer/[22m[2massets/[22m[32mKaTeX_Size1-Regular-mCD8mA8B.woff2              [39m[1m[2m    5.47 kB[22m[1m[22m
[2m../../../../build/out/renderer/[22m[2massets/[22m[32mKaTeX_Size4-Regular-BF-4gkZK.woff               [39m[1m[2m    5.98 kB[22m[1m[22m
[2m../../../../build/out/renderer/[22m[2massets/[22m[32mKaTeX_Size2-Regular-oD1tc_U0.woff               [39m[1m[2m    6.19 kB[22m[1m[22m
[2m../../../../build/out/renderer/[22m[2massets/[22m[32mKaTeX_Size1-Regular-C195tn64.woff               [39m[1m[2m    6.50 kB[22m[1m[22m
[2m../../../../build/out/renderer/[22m[2massets/[22m[32mKaTeX_Caligraphic-Regular-Di6jR-x-.woff2        [39m[1m[2m    6.91 kB[22m[1m[22m
[2m../../../../build/out/renderer/[22m[2massets/[22m[32mKaTeX_Caligraphic-Bold-Dq_IR9rO.woff2           [39m[1m[2m    6.91 kB[22m[1m[22m
[2m../../../../build/out/renderer/[22m[2massets/[22m[32mKaTeX_Size3-Regular-DgpXs0kz.ttf                [39m[1m[2m    7.59 kB[22m[1m[22m
[2m../../../../build/out/renderer/[22m[2massets/[22m[32mKaTeX_Caligraphic-Regular-CTRA-rTL.woff         [39m[1m[2m    7.66 kB[22m[1m[22m
[2m../../../../build/out/renderer/[22m[2massets/[22m[32mKaTeX_Caligraphic-Bold-BEiXGLvX.woff            [39m[1m[2m    7.72 kB[22m[1m[22m
[2m../../../../build/out/renderer/[22m[2massets/[22m[32mKaTeX_Script-Regular-D3wIWfF6.woff2             [39m[1m[2m    9.64 kB[22m[1m[22m
[2m../../../../build/out/renderer/[22m[2massets/[22m[32mKaTeX_SansSerif-Regular-DDBCnlJ7.woff2          [39m[1m[2m   10.34 kB[22m[1m[22m
[2m../../../../build/out/renderer/[22m[2massets/[22m[32mKaTeX_Size4-Regular-DWFBv043.ttf                [39m[1m[2m   10.36 kB[22m[1m[22m
[2m../../../../build/out/renderer/[22m[2massets/[22m[32mKaTeX_Script-Regular-D5yQViql.woff              [39m[1m[2m   10.59 kB[22m[1m[22m
[2m../../../../build/out/renderer/[22m[2massets/[22m[32mKaTeX_Fraktur-Regular-CTYiF6lA.woff2            [39m[1m[2m   11.32 kB[22m[1m[22m
[2m../../../../build/out/renderer/[22m[2massets/[22m[32mKaTeX_Fraktur-Bold-CL6g_b3V.woff2               [39m[1m[2m   11.35 kB[22m[1m[22m
[2m../../../../build/out/renderer/[22m[2massets/[22m[32mKaTeX_Size2-Regular-B7gKUWhC.ttf                [39m[1m[2m   11.51 kB[22m[1m[22m
[2m../../../../build/out/renderer/[22m[2massets/[22m[32mKaTeX_SansSerif-Italic-C3H0VqGB.woff2           [39m[1m[2m   12.03 kB[22m[1m[22m
[2m../../../../build/out/renderer/[22m[2massets/[22m[32mKaTeX_SansSerif-Bold-D1sUS0GD.woff2             [39m[1m[2m   12.22 kB[22m[1m[22m
[2m../../../../build/out/renderer/[22m[2massets/[22m[32mKaTeX_Size1-Regular-Dbsnue_I.ttf                [39m[1m[2m   12.23 kB[22m[1m[22m
[2m../../../../build/out/renderer/[22m[2massets/[22m[32mKaTeX_SansSerif-Regular-CS6fqUqJ.woff           [39m[1m[2m   12.32 kB[22m[1m[22m
[2m../../../../build/out/renderer/[22m[2massets/[22m[32mKaTeX_Caligraphic-Regular-wX97UBjC.ttf          [39m[1m[2m   12.34 kB[22m[1m[22m
[2m../../../../build/out/renderer/[22m[2massets/[22m[32mKaTeX_Caligraphic-Bold-ATXxdsX0.ttf             [39m[1m[2m   12.37 kB[22m[1m[22m
[2m../../../../build/out/renderer/[22m[2massets/[22m[32mKaTeX_Fraktur-Regular-Dxdc4cR9.woff             [39m[1m[2m   13.21 kB[22m[1m[22m
[2m../../../../build/out/renderer/[22m[2massets/[22m[32mKaTeX_Fraktur-Bold-BsDP51OF.woff                [39m[1m[2m   13.30 kB[22m[1m[22m
[2m../../../../build/out/renderer/[22m[2massets/[22m[32mKaTeX_Typewriter-Regular-CO6r4hn1.woff2         [39m[1m[2m   13.57 kB[22m[1m[22m
[2m../../../../build/out/renderer/[22m[2massets/[22m[32mKaTeX_SansSerif-Italic-DN2j7dab.woff            [39m[1m[2m   14.11 kB[22m[1m[22m
[2m../../../../build/out/renderer/[22m[2massets/[22m[32mKaTeX_SansSerif-Bold-DbIhKOiC.woff              [39m[1m[2m   14.41 kB[22m[1m[22m
[2m../../../../build/out/renderer/[22m[2massets/[22m[32mKaTeX_Typewriter-Regular-C0xS9mPB.woff          [39m[1m[2m   16.03 kB[22m[1m[22m
[2m../../../../build/out/renderer/[22m[2massets/[22m[32mKaTeX_Math-BoldItalic-CZnvNsCZ.woff2            [39m[1m[2m   16.40 kB[22m[1m[22m
[2m../../../../build/out/renderer/[22m[2massets/[22m[32mKaTeX_Math-Italic-t53AETM-.woff2                [39m[1m[2m   16.44 kB[22m[1m[22m
[2m../../../../build/out/renderer/[22m[2massets/[22m[32mKaTeX_Script-Regular-C5JkGWo-.ttf               [39m[1m[2m   16.65 kB[22m[1m[22m
[2m../../../../build/out/renderer/[22m[2massets/[22m[32mKaTeX_Main-BoldItalic-DxDJ3AOS.woff2            [39m[1m[2m   16.78 kB[22m[1m[22m
[2m../../../../build/out/renderer/[22m[2massets/[22m[32mKaTeX_Main-Italic-NWA7e6Wa.woff2                [39m[1m[2m   16.99 kB[22m[1m[22m
[2m../../../../build/out/renderer/[22m[2massets/[22m[32mKaTeX_Math-BoldItalic-iY-2wyZ7.woff             [39m[1m[2m   18.67 kB[22m[1m[22m
[2m../../../../build/out/renderer/[22m[2massets/[22m[32mKaTeX_Math-Italic-DA0__PXp.woff                 [39m[1m[2m   18.75 kB[22m[1m[22m
[2m../../../../build/out/renderer/[22m[2massets/[22m[32mKaTeX_Main-BoldItalic-SpSLRI95.woff             [39m[1m[2m   19.41 kB[22m[1m[22m
[2m../../../../build/out/renderer/[22m[2massets/[22m[32mKaTeX_SansSerif-Regular-BNo7hRIc.ttf            [39m[1m[2m   19.44 kB[22m[1m[22m
[2m../../../../build/out/renderer/[22m[2massets/[22m[32mKaTeX_Fraktur-Regular-CB_wures.ttf              [39m[1m[2m   19.57 kB[22m[1m[22m
[2m../../../../build/out/renderer/[22m[2massets/[22m[32mKaTeX_Fraktur-Bold-BdnERNNW.ttf                 [39m[1m[2m   19.58 kB[22m[1m[22m
[2m../../../../build/out/renderer/[22m[2massets/[22m[32mKaTeX_Main-Italic-BMLOBm91.woff                 [39m[1m[2m   19.68 kB[22m[1m[22m
[2m../../../../build/out/renderer/[22m[2massets/[22m[32mKaTeX_SansSerif-Italic-YYjJ1zSn.ttf             [39m[1m[2m   22.36 kB[22m[1m[22m
[2m../../../../build/out/renderer/[22m[2massets/[22m[32mKaTeX_SansSerif-Bold-CFMepnvq.ttf               [39m[1m[2m   24.50 kB[22m[1m[22m
[2m../../../../build/out/renderer/[22m[2massets/[22m[32mKaTeX_Main-Bold-Cx986IdX.woff2                  [39m[1m[2m   25.32 kB[22m[1m[22m
[2m../../../../build/out/renderer/[22m[2massets/[22m[32mKaTeX_Main-Regular-B22Nviop.woff2               [39m[1m[2m   26.27 kB[22m[1m[22m
[2m../../../../build/out/renderer/[22m[2massets/[22m[32mKaTeX_Typewriter-Regular-D3Ib7_Hf.ttf           [39m[1m[2m   27.56 kB[22m[1m[22m
[2m../../../../build/out/renderer/[22m[2massets/[22m[32mKaTeX_AMS-Regular-BQhdFMY1.woff2                [39m[1m[2m   28.08 kB[22m[1m[22m
[2m../../../../build/out/renderer/[22m[2massets/[22m[32mKaTeX_Main-Bold-Jm3AIy58.woff                   [39m[1m[2m   29.91 kB[22m[1m[22m
[2m../../../../build/out/renderer/[22m[2massets/[22m[32mKaTeX_Main-Regular-Dr94JaBh.woff                [39m[1m[2m   30.77 kB[22m[1m[22m
[2m../../../../build/out/renderer/[22m[2massets/[22m[32mKaTeX_Math-BoldItalic-B3XSjfu4.ttf              [39m[1m[2m   31.20 kB[22m[1m[22m
[2m../../../../build/out/renderer/[22m[2massets/[22m[32mKaTeX_Math-Italic-flOr_0UB.ttf                  [39m[1m[2m   31.31 kB[22m[1m[22m
[2m../../../../build/out/renderer/[22m[2massets/[22m[32mKaTeX_Main-BoldItalic-DzxPMmG6.ttf              [39m[1m[2m   32.97 kB[22m[1m[22m
[2m../../../../build/out/renderer/[22m[2massets/[22m[32mKaTeX_AMS-Regular-DMm9YOAa.woff                 [39m[1m[2m   33.52 kB[22m[1m[22m
[2m../../../../build/out/renderer/[22m[2massets/[22m[32mKaTeX_Main-Italic-3WenGoN9.ttf                  [39m[1m[2m   33.58 kB[22m[1m[22m
[2m../../../../build/out/renderer/[22m[2massets/[22m[32mKaTeX_Main-Bold-waoOVXN0.ttf                    [39m[1m[2m   51.34 kB[22m[1m[22m
[2m../../../../build/out/renderer/[22m[2massets/[22m[32mKaTeX_Main-Regular-ypZvNtVU.ttf                 [39m[1m[2m   53.58 kB[22m[1m[22m
[2m../../../../build/out/renderer/[22m[2massets/[22m[32mKaTeX_AMS-Regular-DRggAlZN.ttf                  [39m[1m[2m   63.63 kB[22m[1m[22m
[2m../../../../build/out/renderer/[22m[2massets/[22m[32mmuya_wasm_bg-CzfPKOcR.wasm                      [39m[1m[2m  737.75 kB[22m[1m[22m[2m │ gzip:   242.03 kB[22m
[2m../../../../build/out/renderer/[22m[2massets/[22m[32micon-BOuFG6JN.png                               [39m[1m[2m  845.44 kB[22m[1m[22m
[2m../../../../build/out/renderer/[22m[2massets/[22m[35msequence-BUaWSB7r.css                           [39m[1m[2m    0.14 kB[22m[1m[22m[2m │ gzip:     0.11 kB[22m
[2m../../../../build/out/renderer/[22m[2massets/[22m[35mindex-a0fj1OT_.css                              [39m[1m[2m  640.42 kB[22m[1m[22m[2m │ gzip:    97.24 kB[22m
[2m../../../../build/out/renderer/[22m[2massets/[22m[36mprism-t4-vb-B4N6YOAD.js                         [39m[1m[2m    0.08 kB[22m[1m[22m[2m │ gzip:     0.08 kB[22m
[2m../../../../build/out/renderer/[22m[2massets/[22m[36mprism-t4-vb.min-B4N6YOAD.js                     [39m[1m[2m    0.08 kB[22m[1m[22m[2m │ gzip:     0.08 kB[22m
[2m../../../../build/out/renderer/[22m[2massets/[22m[36mprism-csv-C_7-Nmfa.js                           [39m[1m[2m    0.08 kB[22m[1m[22m[2m │ gzip:     0.10 kB[22m
[2m../../../../build/out/renderer/[22m[2massets/[22m[36mprism-csv.min-C_7-Nmfa.js                       [39m[1m[2m    0.08 kB[22m[1m[22m[2m │ gzip:     0.10 kB[22m
[2m../../../../build/out/renderer/[22m[2massets/[22m[36mprism-t4-cs-B0W4sSyS.js                         [39m[1m[2m    0.10 kB[22m[1m[22m[2m │ gzip:     0.09 kB[22m
[2m../../../../build/out/renderer/[22m[2massets/[22m[36mprism-t4-cs.min-B0W4sSyS.js                     [39m[1m[2m    0.10 kB[22m[1m[22m[2m │ gzip:     0.09 kB[22m
[2m../../../../build/out/renderer/[22m[2massets/[22m[36mcolors-Cc3OSVma.js                              [39m[1m[2m    0.11 kB[22m[1m[22m[2m │ gzip:     0.12 kB[22m
[2m../../../../build/out/renderer/[22m[2massets/[22m[36mchannel-C3Z_0SBV.js                             [39m[1m[2m    0.11 kB[22m[1m[22m[2m │ gzip:     0.13 kB[22m
[2m../../../../build/out/renderer/[22m[2massets/[22m[36mprism-hsts-jHTT9hl8.js                          [39m[1m[2m    0.15 kB[22m[1m[22m[2m │ gzip:     0.15 kB[22m
[2m../../../../build/out/renderer/[22m[2massets/[22m[36mprism-hsts.min-jHTT9hl8.js                      [39m[1m[2m    0.15 kB[22m[1m[22m[2m │ gzip:     0.15 kB[22m
[2m../../../../build/out/renderer/[22m[2massets/[22m[36mrange-OtVwhkKS.js                               [39m[1m[2m    0.18 kB[22m[1m[22m[2m │ gzip:     0.17 kB[22m
[2m../../../../build/out/renderer/[22m[2massets/[22m[36mprism-hpkp-BWqw6YS2.js                          [39m[1m[2m    0.18 kB[22m[1m[22m[2m │ gzip:     0.17 kB[22m
[2m../../../../build/out/renderer/[22m[2massets/[22m[36mprism-hpkp.min-BWqw6YS2.js                      [39m[1m[2m    0.18 kB[22m[1m[22m[2m │ gzip:     0.17 kB[22m
[2m../../../../build/out/renderer/[22m[2massets/[22m[36mprism-arff-BsjUs7qI.js                          [39m[1m[2m    0.19 kB[22m[1m[22m[2m │ gzip:     0.18 kB[22m
[2m../../../../build/out/renderer/[22m[2massets/[22m[36mprism-arff.min-BsjUs7qI.js                      [39m[1m[2m    0.19 kB[22m[1m[22m[2m │ gzip:     0.18 kB[22m
[2m../../../../build/out/renderer/[22m[2massets/[22m[36mchunk-QZHKN3VN-D9wWWKpu.js                      [39m[1m[2m    0.19 kB[22m[1m[22m[2m │ gzip:     0.16 kB[22m
[2m../../../../build/out/renderer/[22m[2massets/[22m[36mprism-cilkc-BE8fFqED.js                         [39m[1m[2m    0.21 kB[22m[1m[22m[2m │ gzip:     0.16 kB[22m
[2m../../../../build/out/renderer/[22m[2massets/[22m[36mprism-cilkc.min-8_rX_guh.js                     [39m[1m[2m    0.21 kB[22m[1m[22m[2m │ gzip:     0.16 kB[22m
[2m../../../../build/out/renderer/[22m[2massets/[22m[36mprism-jsonp-C1uf5MTF.js                         [39m[1m[2m    0.21 kB[22m[1m[22m[2m │ gzip:     0.17 kB[22m
[2m../../../../build/out/renderer/[22m[2massets/[22m[36mprism-jsonp.min-BA1x4p2C.js                     [39m[1m[2m    0.21 kB[22m[1m[22m[2m │ gzip:     0.17 kB[22m
[2m../../../../build/out/renderer/[22m[2massets/[22m[36mprism-gcode-CpY4-S3V.js                         [39m[1m[2m    0.22 kB[22m[1m[22m[2m │ gzip:     0.20 kB[22m
[2m../../../../build/out/renderer/[22m[2massets/[22m[36mprism-gcode.min-CpY4-S3V.js                     [39m[1m[2m    0.22 kB[22m[1m[22m[2m │ gzip:     0.20 kB[22m
[2m../../../../build/out/renderer/[22m[2massets/[22m[36mprism-brainfuck-d5Rjt9AI.js                     [39m[1m[2m    0.23 kB[22m[1m[22m[2m │ gzip:     0.16 kB[22m
[2m../../../../build/out/renderer/[22m[2massets/[22m[36mprism-brainfuck.min-d5Rjt9AI.js                 [39m[1m[2m    0.23 kB[22m[1m[22m[2m │ gzip:     0.16 kB[22m
[2m../../../../build/out/renderer/[22m[2massets/[22m[36mchunk-4BX2VUAB-D2J1mPIy.js                      [39m[1m[2m    0.23 kB[22m[1m[22m[2m │ gzip:     0.17 kB[22m
[2m../../../../build/out/renderer/[22m[2massets/[22m[36mchunk-55IACEB6-DbXc065b.js                      [39m[1m[2m    0.23 kB[22m[1m[22m[2m │ gzip:     0.21 kB[22m
[2m../../../../build/out/renderer/[22m[2massets/[22m[36mprism-git-CvFLRLFJ.js                           [39m[1m[2m    0.24 kB[22m[1m[22m[2m │ gzip:     0.21 kB[22m
[2m../../../../build/out/renderer/[22m[2massets/[22m[36mprism-git.min-CvFLRLFJ.js                       [39m[1m[2m    0.24 kB[22m[1m[22m[2m │ gzip:     0.21 kB[22m
[2m../../../../build/out/renderer/[22m[2massets/[22m[36mprism-nand2tetris-hdl-D0SK6NQM.js               [39m[1m[2m    0.26 kB[22m[1m[22m[2m │ gzip:     0.24 kB[22m
[2m../../../../build/out/renderer/[22m[2massets/[22m[36mprism-nand2tetris-hdl.min-D0SK6NQM.js           [39m[1m[2m    0.26 kB[22m[1m[22m[2m │ gzip:     0.24 kB[22m
[2m../../../../build/out/renderer/[22m[2massets/[22m[36mprism-cilkcpp-tB4-ooQ7.js                       [39m[1m[2m    0.26 kB[22m[1m[22m[2m │ gzip:     0.17 kB[22m
[2m../../../../build/out/renderer/[22m[2massets/[22m[36mprism-cilkcpp.min-CgL-JWc5.js                   [39m[1m[2m    0.26 kB[22m[1m[22m[2m │ gzip:     0.17 kB[22m
[2m../../../../build/out/renderer/[22m[2massets/[22m[36mprism-racket-DJBX5lJg.js                        [39m[1m[2m    0.29 kB[22m[1m[22m[2m │ gzip:     0.20 kB[22m
[2m../../../../build/out/renderer/[22m[2massets/[22m[36mprism-racket.min-C5k3V24R.js                    [39m[1m[2m    0.29 kB[22m[1m[22m[2m │ gzip:     0.20 kB[22m
[2m../../../../build/out/renderer/[22m[2massets/[22m[36mprism-bnf-ByFtGGDr.js                           [39m[1m[2m    0.31 kB[22m[1m[22m[2m │ gzip:     0.21 kB[22m
[2m../../../../build/out/renderer/[22m[2massets/[22m[36mprism-bnf.min-BQnQrpIx.js                       [39m[1m[2m    0.31 kB[22m[1m[22m[2m │ gzip:     0.21 kB[22m
[2m../../../../build/out/renderer/[22m[2massets/[22m[36mprism-yang-BAx6CRLn.js                          [39m[1m[2m    0.31 kB[22m[1m[22m[2m │ gzip:     0.23 kB[22m
[2m../../../../build/out/renderer/[22m[2massets/[22m[36mprism-yang.min-BAx6CRLn.js                      [39m[1m[2m    0.31 kB[22m[1m[22m[2m │ gzip:     0.23 kB[22m
[2m../../../../build/out/renderer/[22m[2massets/[22m[36mprism-xml-doc-hi7wfEfZ.js                       [39m[1m[2m    0.31 kB[22m[1m[22m[2m │ gzip:     0.20 kB[22m
[2m../../../../build/out/renderer/[22m[2massets/[22m[36mprism-xml-doc.min-CuiSPAfE.js                   [39m[1m[2m    0.31 kB[22m[1m[22m[2m │ gzip:     0.20 kB[22m
[2m../../../../build/out/renderer/[22m[2massets/[22m[36mprism-properties-BuDLw1wS.js                    [39m[1m[2m    0.31 kB[22m[1m[22m[2m │ gzip:     0.21 kB[22m
[2m../../../../build/out/renderer/[22m[2massets/[22m[36mprism-properties.min-BuDLw1wS.js                [39m[1m[2m    0.31 kB[22m[1m[22m[2m │ gzip:     0.21 kB[22m
[2m../../../../build/out/renderer/[22m[2massets/[22m[36mprism-tsx.min-qX0eu5aN.js                       [39m[1m[2m    0.31 kB[22m[1m[22m[2m │ gzip:     0.22 kB[22m
[2m../../../../build/out/renderer/[22m[2massets/[22m[36mprism-tsx-BJUXQzHQ.js                           [39m[1m[2m    0.32 kB[22m[1m[22m[2m │ gzip:     0.22 kB[22m
[2m../../../../build/out/renderer/[22m[2massets/[22m[36mprism-ignore-BGh5fRmb.js                        [39m[1m[2m    0.34 kB[22m[1m[22m[2m │ gzip:     0.22 kB[22m
[2m../../../../build/out/renderer/[22m[2massets/[22m[36mprism-ignore.min-ByCuU4pc.js                    [39m[1m[2m    0.34 kB[22m[1m[22m[2m │ gzip:     0.22 kB[22m
[2m../../../../build/out/renderer/[22m[2massets/[22m[36mprism-prolog-29H7-Ho8.js                        [39m[1m[2m    0.35 kB[22m[1m[22m[2m │ gzip:     0.27 kB[22m
[2m../../../../build/out/renderer/[22m[2massets/[22m[36mprism-prolog.min-29H7-Ho8.js                    [39m[1m[2m    0.35 kB[22m[1m[22m[2m │ gzip:     0.27 kB[22m
[2m../../../../build/out/renderer/[22m[2massets/[22m[36mprism-editorconfig-bgk79LLB.js                  [39m[1m[2m    0.35 kB[22m[1m[22m[2m │ gzip:     0.24 kB[22m
[2m../../../../build/out/renderer/[22m[2massets/[22m[36mprism-editorconfig.min-bgk79LLB.js              [39m[1m[2m    0.35 kB[22m[1m[22m[2m │ gzip:     0.24 kB[22m
[2m../../../../build/out/renderer/[22m[2massets/[22m[36mchunk-FMBD7UC4-2V9OQhQz.js                      [39m[1m[2m    0.37 kB[22m[1m[22m[2m │ gzip:     0.27 kB[22m
[2m../../../../build/out/renderer/[22m[2massets/[22m[36mprism-false-DqGTIwuo.js                         [39m[1m[2m    0.37 kB[22m[1m[22m[2m │ gzip:     0.28 kB[22m
[2m../../../../build/out/renderer/[22m[2massets/[22m[36mprism-false.min-DqGTIwuo.js                     [39m[1m[2m    0.37 kB[22m[1m[22m[2m │ gzip:     0.28 kB[22m
[2m../../../../build/out/renderer/[22m[2massets/[22m[36minit-BFKUnIhM.js                                [39m[1m[2m    0.37 kB[22m[1m[22m[2m │ gzip:     0.19 kB[22m
[2m../../../../build/out/renderer/[22m[2massets/[22m[36mprism-ebnf-cE6XZiSa.js                          [39m[1m[2m    0.38 kB[22m[1m[22m[2m │ gzip:     0.27 kB[22m
[2m../../../../build/out/renderer/[22m[2massets/[22m[36mprism-ebnf.min-cE6XZiSa.js                      [39m[1m[2m    0.38 kB[22m[1m[22m[2m │ gzip:     0.27 kB[22m
[2m../../../../build/out/renderer/[22m[2massets/[22m[36mprism-tap-BNqvhMkG.js                           [39m[1m[2m    0.38 kB[22m[1m[22m[2m │ gzip:     0.28 kB[22m
[2m../../../../build/out/renderer/[22m[2massets/[22m[36mprism-tap.min-BNqvhMkG.js                       [39m[1m[2m    0.38 kB[22m[1m[22m[2m │ gzip:     0.28 kB[22m
[2m../../../../build/out/renderer/[22m[2massets/[22m[36mprism-etlua.min-CfgV_okA.js                     [39m[1m[2m    0.39 kB[22m[1m[22m[2m │ gzip:     0.23 kB[22m
[2m../../../../build/out/renderer/[22m[2massets/[22m[36mprism-etlua-Bz7Caj9q.js                         [39m[1m[2m    0.40 kB[22m[1m[22m[2m │ gzip:     0.24 kB[22m
[2m../../../../build/out/renderer/[22m[2massets/[22m[36mprism-json5-CgJVvbor.js                         [39m[1m[2m    0.41 kB[22m[1m[22m[2m │ gzip:     0.31 kB[22m
[2m../../../../build/out/renderer/[22m[2massets/[22m[36mprism-json5.min-CgJVvbor.js                     [39m[1m[2m    0.41 kB[22m[1m[22m[2m │ gzip:     0.31 kB[22m
[2m../../../../build/out/renderer/[22m[2massets/[22m[36mstateDiagram-v2-BHNVJYJU-BpRtn9D-.js            [39m[1m[2m    0.42 kB[22m[1m[22m[2m │ gzip:     0.30 kB[22m
[2m../../../../build/out/renderer/[22m[2massets/[22m[36mprism-matlab-DIMc2KVV.js                        [39m[1m[2m    0.43 kB[22m[1m[22m[2m │ gzip:     0.34 kB[22m
[2m../../../../build/out/renderer/[22m[2massets/[22m[36mprism-matlab.min-DIMc2KVV.js                    [39m[1m[2m    0.43 kB[22m[1m[22m[2m │ gzip:     0.34 kB[22m
[2m../../../../build/out/renderer/[22m[2massets/[22m[36mprism-json-xwnKirkR.js                          [39m[1m[2m    0.45 kB[22m[1m[22m[2m │ gzip:     0.28 kB[22m
[2m../../../../build/out/renderer/[22m[2massets/[22m[36mprism-json.min-BNb6iMrr.js                      [39m[1m[2m    0.45 kB[22m[1m[22m[2m │ gzip:     0.28 kB[22m
[2m../../../../build/out/renderer/[22m[2massets/[22m[36mprism-roboconf-B_c9weJx.js                      [39m[1m[2m    0.45 kB[22m[1m[22m[2m │ gzip:     0.29 kB[22m
[2m../../../../build/out/renderer/[22m[2massets/[22m[36mprism-roboconf.min-B_c9weJx.js                  [39m[1m[2m    0.45 kB[22m[1m[22m[2m │ gzip:     0.29 kB[22m
[2m../../../../build/out/renderer/[22m[2massets/[22m[36mprism-bbcode-Cb17Utx5.js                        [39m[1m[2m    0.45 kB[22m[1m[22m[2m │ gzip:     0.24 kB[22m
[2m../../../../build/out/renderer/[22m[2massets/[22m[36mprism-bbcode.min-8G0BpNr2.js                    [39m[1m[2m    0.45 kB[22m[1m[22m[2m │ gzip:     0.24 kB[22m
[2m../../../../build/out/renderer/[22m[2massets/[22m[36mprism-ejs.min-DZ_qrLQ-.js                       [39m[1m[2m    0.46 kB[22m[1m[22m[2m │ gzip:     0.27 kB[22m
[2m../../../../build/out/renderer/[22m[2massets/[22m[36mprism-ejs-Dzz25BPE.js                           [39m[1m[2m    0.47 kB[22m[1m[22m[2m │ gzip:     0.28 kB[22m
[2m../../../../build/out/renderer/[22m[2massets/[22m[36mprism-hoon-BXYJdQwu.js                          [39m[1m[2m    0.49 kB[22m[1m[22m[2m │ gzip:     0.33 kB[22m
[2m../../../../build/out/renderer/[22m[2massets/[22m[36mprism-hoon.min-BXYJdQwu.js                      [39m[1m[2m    0.49 kB[22m[1m[22m[2m │ gzip:     0.33 kB[22m
[2m../../../../build/out/renderer/[22m[2massets/[22m[36mclassDiagram-4FO5ZUOK-BMoiF4xU.js               [39m[1m[2m    0.49 kB[22m[1m[22m[2m │ gzip:     0.33 kB[22m
[2m../../../../build/out/renderer/[22m[2massets/[22m[36mclassDiagram-v2-Q7XG4LA2-BMoiF4xU.js            [39m[1m[2m    0.49 kB[22m[1m[22m[2m │ gzip:     0.33 kB[22m
[2m../../../../build/out/renderer/[22m[2massets/[22m[36mprism-linker-script-DY4g9som.js                 [39m[1m[2m    0.50 kB[22m[1m[22m[2m │ gzip:     0.35 kB[22m
[2m../../../../build/out/renderer/[22m[2massets/[22m[36mprism-linker-script.min-CHkFUxyg.js             [39m[1m[2m    0.50 kB[22m[1m[22m[2m │ gzip:     0.35 kB[22m
[2m../../../../build/out/renderer/[22m[2massets/[22m[36mprism-erb.min-CkOPU1rA.js                       [39m[1m[2m    0.50 kB[22m[1m[22m[2m │ gzip:     0.29 kB[22m
[2m../../../../build/out/renderer/[22m[2massets/[22m[36mprism-processing-CMcJcYod.js                    [39m[1m[2m    0.50 kB[22m[1m[22m[2m │ gzip:     0.36 kB[22m
[2m../../../../build/out/renderer/[22m[2massets/[22m[36mprism-processing.min-A3WMmeNw.js                [39m[1m[2m    0.50 kB[22m[1m[22m[2m │ gzip:     0.36 kB[22m
[2m../../../../build/out/renderer/[22m[2massets/[22m[36mchunk-2J33WTMH-CVRpbcst.js                      [39m[1m[2m    0.50 kB[22m[1m[22m[2m │ gzip:     0.36 kB[22m
[2m../../../../build/out/renderer/[22m[2massets/[22m[36mprism-erb-Zz4bekXJ.js                           [39m[1m[2m    0.51 kB[22m[1m[22m[2m │ gzip:     0.30 kB[22m
[2m../../../../build/out/renderer/[22m[2massets/[22m[36mprism-gedcom-BQUR-83t.js                        [39m[1m[2m    0.52 kB[22m[1m[22m[2m │ gzip:     0.24 kB[22m
[2m../../../../build/out/renderer/[22m[2massets/[22m[36mprism-gedcom.min-BQUR-83t.js                    [39m[1m[2m    0.52 kB[22m[1m[22m[2m │ gzip:     0.24 kB[22m
[2m../../../../build/out/renderer/[22m[2massets/[22m[36mprism-r-TxsGuNZJ.js                             [39m[1m[2m    0.53 kB[22m[1m[22m[2m │ gzip:     0.40 kB[22m
[2m../../../../build/out/renderer/[22m[2massets/[22m[36mprism-r.min-TxsGuNZJ.js                         [39m[1m[2m    0.53 kB[22m[1m[22m[2m │ gzip:     0.40 kB[22m
[2m../../../../build/out/renderer/[22m[2massets/[22m[36mprism-gettext-CPsy04VP.js                       [39m[1m[2m    0.53 kB[22m[1m[22m[2m │ gzip:     0.27 kB[22m
[2m../../../../build/out/renderer/[22m[2massets/[22m[36mprism-gettext.min-TsroaT4B.js                   [39m[1m[2m    0.53 kB[22m[1m[22m[2m │ gzip:     0.27 kB[22m
[2m../../../../build/out/renderer/[22m[2massets/[22m[36mprism-jexl-C9BIClQJ.js                          [39m[1m[2m    0.54 kB[22m[1m[22m[2m │ gzip:     0.32 kB[22m
[2m../../../../build/out/renderer/[22m[2massets/[22m[36mprism-jexl.min-C9BIClQJ.js                      [39m[1m[2m    0.54 kB[22m[1m[22m[2m │ gzip:     0.32 kB[22m
[2m../../../../build/out/renderer/[22m[2massets/[22m[36mprism-llvm-D2-1foJi.js                          [39m[1m[2m    0.55 kB[22m[1m[22m[2m │ gzip:     0.39 kB[22m
[2m../../../../build/out/renderer/[22m[2massets/[22m[36mprism-llvm.min-D2-1foJi.js                      [39m[1m[2m    0.55 kB[22m[1m[22m[2m │ gzip:     0.39 kB[22m
[2m../../../../build/out/renderer/[22m[2massets/[22m[36mindex-Db-EqzZp.js                               [39m[1m[2m    0.56 kB[22m[1m[22m[2m │ gzip:     0.34 kB[22m
[2m../../../../build/out/renderer/[22m[2massets/[22m[36mprism-birb-CpNemWrD.js                          [39m[1m[2m    0.58 kB[22m[1m[22m[2m │ gzip:     0.42 kB[22m
[2m../../../../build/out/renderer/[22m[2massets/[22m[36mprism-birb.min-BQmBm621.js                      [39m[1m[2m    0.58 kB[22m[1m[22m[2m │ gzip:     0.42 kB[22m
[2m../../../../build/out/renderer/[22m[2massets/[22m[36mprism-rego-Be0wYM0H.js                          [39m[1m[2m    0.58 kB[22m[1m[22m[2m │ gzip:     0.37 kB[22m
[2m../../../../build/out/renderer/[22m[2massets/[22m[36mprism-rego.min-Be0wYM0H.js                      [39m[1m[2m    0.58 kB[22m[1m[22m[2m │ gzip:     0.37 kB[22m
[2m../../../../build/out/renderer/[22m[2massets/[22m[36mprism-bison-CExkdYx6.js                         [39m[1m[2m    0.60 kB[22m[1m[22m[2m │ gzip:     0.36 kB[22m
[2m../../../../build/out/renderer/[22m[2massets/[22m[36mprism-bison.min-CVxzDZW0.js                     [39m[1m[2m    0.60 kB[22m[1m[22m[2m │ gzip:     0.35 kB[22m
[2m../../../../build/out/renderer/[22m[2massets/[22m[36mprism-lua-Cp_o7ONA.js                           [39m[1m[2m    0.60 kB[22m[1m[22m[2m │ gzip:     0.41 kB[22m
[2m../../../../build/out/renderer/[22m[2massets/[22m[36mprism-lua.min-Cp_o7ONA.js                       [39m[1m[2m    0.60 kB[22m[1m[22m[2m │ gzip:     0.41 kB[22m
[2m../../../../build/out/renderer/[22m[2massets/[22m[36mprism-diff-jN23ddHu.js                          [39m[1m[2m    0.60 kB[22m[1m[22m[2m │ gzip:     0.41 kB[22m
[2m../../../../build/out/renderer/[22m[2massets/[22m[36mprism-diff.min-VNf_pEeV.js                      [39m[1m[2m    0.61 kB[22m[1m[22m[2m │ gzip:     0.41 kB[22m
[2m../../../../build/out/renderer/[22m[2massets/[22m[36mprism-ini-DX5Euru7.js                           [39m[1m[2m    0.61 kB[22m[1m[22m[2m │ gzip:     0.27 kB[22m
[2m../../../../build/out/renderer/[22m[2massets/[22m[36mprism-ini.min-DX5Euru7.js                       [39m[1m[2m    0.61 kB[22m[1m[22m[2m │ gzip:     0.27 kB[22m
[2m../../../../build/out/renderer/[22m[2massets/[22m[36minfoDiagram-5YYISTIA-DOjKYQDA.js                [39m[1m[2m    0.61 kB[22m[1m[22m[2m │ gzip:     0.42 kB[22m
[2m../../../../build/out/renderer/[22m[2massets/[22m[36mprism-warpscript-CtgesrR8.js                    [39m[1m[2m    0.62 kB[22m[1m[22m[2m │ gzip:     0.47 kB[22m
[2m../../../../build/out/renderer/[22m[2massets/[22m[36mprism-warpscript.min-CtgesrR8.js                [39m[1m[2m    0.62 kB[22m[1m[22m[2m │ gzip:     0.47 kB[22m
[2m../../../../build/out/renderer/[22m[2massets/[22m[36mprism-t4-templating.min-bKivqU68.js             [39m[1m[2m    0.63 kB[22m[1m[22m[2m │ gzip:     0.41 kB[22m
[2m../../../../build/out/renderer/[22m[2massets/[22m[36mprism-t4-templating-MjsJzcZC.js                 [39m[1m[2m    0.63 kB[22m[1m[22m[2m │ gzip:     0.41 kB[22m
[2m../../../../build/out/renderer/[22m[2massets/[22m[36mprism-smalltalk-DELygM1m.js                     [39m[1m[2m    0.64 kB[22m[1m[22m[2m │ gzip:     0.41 kB[22m
[2m../../../../build/out/renderer/[22m[2massets/[22m[36mprism-smalltalk.min-DELygM1m.js                 [39m[1m[2m    0.64 kB[22m[1m[22m[2m │ gzip:     0.41 kB[22m
[2m../../../../build/out/renderer/[22m[2massets/[22m[36mprism-less-B2VBxBo8.js                          [39m[1m[2m    0.69 kB[22m[1m[22m[2m │ gzip:     0.37 kB[22m
[2m../../../../build/out/renderer/[22m[2massets/[22m[36mprism-less.min-DXuNsJhW.js                      [39m[1m[2m    0.69 kB[22m[1m[22m[2m │ gzip:     0.37 kB[22m
[2m../../../../build/out/renderer/[22m[2massets/[22m[36mprism-objectivec-B5ZTBh2_.js                    [39m[1m[2m    0.69 kB[22m[1m[22m[2m │ gzip:     0.45 kB[22m
[2m../../../../build/out/renderer/[22m[2massets/[22m[36mprism-objectivec.min-BQ1ZVVrY.js                [39m[1m[2m    0.69 kB[22m[1m[22m[2m │ gzip:     0.45 kB[22m
[2m../../../../build/out/renderer/[22m[2massets/[22m[36mprism-solution-file-CB1eyPfr.js                 [39m[1m[2m    0.69 kB[22m[1m[22m[2m │ gzip:     0.40 kB[22m
[2m../../../../build/out/renderer/[22m[2massets/[22m[36mprism-solution-file.min-CB1eyPfr.js             [39m[1m[2m    0.69 kB[22m[1m[22m[2m │ gzip:     0.40 kB[22m
[2m../../../../build/out/renderer/[22m[2massets/[22m[36mprism-awk-DiEVnfT5.js                           [39m[1m[2m    0.70 kB[22m[1m[22m[2m │ gzip:     0.46 kB[22m
[2m../../../../build/out/renderer/[22m[2massets/[22m[36mprism-awk.min-D4D14p4U.js                       [39m[1m[2m    0.70 kB[22m[1m[22m[2m │ gzip:     0.46 kB[22m
[2m../../../../build/out/renderer/[22m[2massets/[22m[36mprism-systemd.min-Ba9lpeWu.js                   [39m[1m[2m    0.71 kB[22m[1m[22m[2m │ gzip:     0.41 kB[22m
[2m../../../../build/out/renderer/[22m[2massets/[22m[36mprism-clike-Cik_RNVm.js                         [39m[1m[2m    0.71 kB[22m[1m[22m[2m │ gzip:     0.45 kB[22m
[2m../../../../build/out/renderer/[22m[2massets/[22m[36mprism-clike.min-Cik_RNVm.js                     [39m[1m[2m    0.71 kB[22m[1m[22m[2m │ gzip:     0.45 kB[22m
[2m../../../../build/out/renderer/[22m[2massets/[22m[36mprism-nginx-43e5TboO.js                         [39m[1m[2m    0.73 kB[22m[1m[22m[2m │ gzip:     0.39 kB[22m
[2m../../../../build/out/renderer/[22m[2massets/[22m[36mprism-nginx.min-43e5TboO.js                     [39m[1m[2m    0.73 kB[22m[1m[22m[2m │ gzip:     0.39 kB[22m
[2m../../../../build/out/renderer/[22m[2massets/[22m[36mprism-systemd-D6HJGoIR.js                       [39m[1m[2m    0.75 kB[22m[1m[22m[2m │ gzip:     0.42 kB[22m
[2m../../../../build/out/renderer/[22m[2massets/[22m[36mprism-ichigojam-z3NJplWC.js                     [39m[1m[2m    0.76 kB[22m[1m[22m[2m │ gzip:     0.57 kB[22m
[2m../../../../build/out/renderer/[22m[2massets/[22m[36mprism-ichigojam.min-z3NJplWC.js                 [39m[1m[2m    0.76 kB[22m[1m[22m[2m │ gzip:     0.57 kB[22m
[2m../../../../build/out/renderer/[22m[2massets/[22m[36mprism-jsstacktrace-DZzXHOTm.js                  [39m[1m[2m    0.76 kB[22m[1m[22m[2m │ gzip:     0.42 kB[22m
[2m../../../../build/out/renderer/[22m[2massets/[22m[36mprism-jsstacktrace.min-DZzXHOTm.js              [39m[1m[2m    0.76 kB[22m[1m[22m[2m │ gzip:     0.42 kB[22m
[2m../../../../build/out/renderer/[22m[2massets/[22m[36mprism-erlang-C3Aahqfa.js                        [39m[1m[2m    0.77 kB[22m[1m[22m[2m │ gzip:     0.46 kB[22m
[2m../../../../build/out/renderer/[22m[2massets/[22m[36mprism-erlang.min-C3Aahqfa.js                    [39m[1m[2m    0.77 kB[22m[1m[22m[2m │ gzip:     0.46 kB[22m
[2m../../../../build/out/renderer/[22m[2massets/[22m[36mprism-rip-D94jhKNQ.js                           [39m[1m[2m    0.77 kB[22m[1m[22m[2m │ gzip:     0.43 kB[22m
[2m../../../../build/out/renderer/[22m[2massets/[22m[36mprism-rip.min-D94jhKNQ.js                       [39m[1m[2m    0.77 kB[22m[1m[22m[2m │ gzip:     0.43 kB[22m
[2m../../../../build/out/renderer/[22m[2massets/[22m[36mprism-apl-fP2AtUuL.js                           [39m[1m[2m    0.78 kB[22m[1m[22m[2m │ gzip:     0.55 kB[22m
[2m../../../../build/out/renderer/[22m[2massets/[22m[36mprism-apl.min-fP2AtUuL.js                       [39m[1m[2m    0.78 kB[22m[1m[22m[2m │ gzip:     0.55 kB[22m
[2m../../../../build/out/renderer/[22m[2massets/[22m[36mprism-firestore-security-rules-9Nu-mH1c.js      [39m[1m[2m    0.78 kB[22m[1m[22m[2m │ gzip:     0.42 kB[22m
[2m../../../../build/out/renderer/[22m[2massets/[22m[36mprism-firestore-security-rules.min-BH1Y7L1h.js  [39m[1m[2m    0.78 kB[22m[1m[22m[2m │ gzip:     0.42 kB[22m
[2m../../../../build/out/renderer/[22m[2massets/[22m[36mprism-openqasm-DWRTUhC2.js                      [39m[1m[2m    0.80 kB[22m[1m[22m[2m │ gzip:     0.57 kB[22m
[2m../../../../build/out/renderer/[22m[2massets/[22m[36mprism-openqasm.min-CNxaOaMc.js                  [39m[1m[2m    0.80 kB[22m[1m[22m[2m │ gzip:     0.57 kB[22m
[2m../../../../build/out/renderer/[22m[2massets/[22m[36mprism-pcaxis-Br1FH0dO.js                        [39m[1m[2m    0.81 kB[22m[1m[22m[2m │ gzip:     0.40 kB[22m
[2m../../../../build/out/renderer/[22m[2massets/[22m[36mprism-pcaxis.min-uySuHHnl.js                    [39m[1m[2m    0.81 kB[22m[1m[22m[2m │ gzip:     0.40 kB[22m
[2m../../../../build/out/renderer/[22m[2massets/[22m[36mplantuml-RY88lHX-.js                            [39m[1m[2m    0.82 kB[22m[1m[22m[2m │ gzip:     0.53 kB[22m
[2m../../../../build/out/renderer/[22m[2massets/[22m[36mprism-j-lkPDjz7Z.js                             [39m[1m[2m    0.82 kB[22m[1m[22m[2m │ gzip:     0.53 kB[22m
[2m../../../../build/out/renderer/[22m[2massets/[22m[36mprism-j.min-lkPDjz7Z.js                         [39m[1m[2m    0.82 kB[22m[1m[22m[2m │ gzip:     0.53 kB[22m
[2m../../../../build/out/renderer/[22m[2massets/[22m[36mprism-php-extras-BWQ1u-Wb.js                    [39m[1m[2m    0.83 kB[22m[1m[22m[2m │ gzip:     0.59 kB[22m
[2m../../../../build/out/renderer/[22m[2massets/[22m[36mprism-php-extras.min-FocPBDwE.js                [39m[1m[2m    0.83 kB[22m[1m[22m[2m │ gzip:     0.59 kB[22m
[2m../../../../build/out/renderer/[22m[2massets/[22m[36mprism-dns-zone-file-DTDr0dek.js                 [39m[1m[2m    0.83 kB[22m[1m[22m[2m │ gzip:     0.51 kB[22m
[2m../../../../build/out/renderer/[22m[2massets/[22m[36mprism-dns-zone-file.min-Cd3fESNA.js             [39m[1m[2m    0.83 kB[22m[1m[22m[2m │ gzip:     0.51 kB[22m
[2m../../../../build/out/renderer/[22m[2massets/[22m[36mprism-autoit-BfsleXHk.js                        [39m[1m[2m    0.83 kB[22m[1m[22m[2m │ gzip:     0.55 kB[22m
[2m../../../../build/out/renderer/[22m[2massets/[22m[36mprism-autoit.min-BfsleXHk.js                    [39m[1m[2m    0.83 kB[22m[1m[22m[2m │ gzip:     0.55 kB[22m
[2m../../../../build/out/renderer/[22m[2massets/[22m[36mprism-actionscript-DkEP3Nuu.js                  [39m[1m[2m    0.85 kB[22m[1m[22m[2m │ gzip:     0.52 kB[22m
[2m../../../../build/out/renderer/[22m[2massets/[22m[36mprism-actionscript.min-CdfveHI5.js              [39m[1m[2m    0.85 kB[22m[1m[22m[2m │ gzip:     0.52 kB[22m
[2m../../../../build/out/renderer/[22m[2massets/[22m[36mprism-parigp-LXA7TNO5.js                        [39m[1m[2m    0.85 kB[22m[1m[22m[2m │ gzip:     0.51 kB[22m
[2m../../../../build/out/renderer/[22m[2massets/[22m[36mprism-dataweave-BCG8t-E_.js                     [39m[1m[2m    0.85 kB[22m[1m[22m[2m │ gzip:     0.52 kB[22m
[2m../../../../build/out/renderer/[22m[2massets/[22m[36mprism-dataweave.min-BCG8t-E_.js                 [39m[1m[2m    0.85 kB[22m[1m[22m[2m │ gzip:     0.52 kB[22m
[2m../../../../build/out/renderer/[22m[2massets/[22m[36mprism-parigp.min-Cb0P1CWV.js                    [39m[1m[2m    0.85 kB[22m[1m[22m[2m │ gzip:     0.51 kB[22m
[2m../../../../build/out/renderer/[22m[2massets/[22m[36mprism-javadoclike.min-BRqWz4Ru.js               [39m[1m[2m    0.85 kB[22m[1m[22m[2m │ gzip:     0.51 kB[22m
[2m../../../../build/out/renderer/[22m[2massets/[22m[36mprism-supercollider-BAYi_f_3.js                 [39m[1m[2m    0.86 kB[22m[1m[22m[2m │ gzip:     0.51 kB[22m
[2m../../../../build/out/renderer/[22m[2massets/[22m[36mprism-supercollider.min-BOiJFfCW.js             [39m[1m[2m    0.86 kB[22m[1m[22m[2m │ gzip:     0.51 kB[22m
[2m../../../../build/out/renderer/[22m[2massets/[22m[36mprism-javadoclike-EuQzM_Do.js                   [39m[1m[2m    0.86 kB[22m[1m[22m[2m │ gzip:     0.51 kB[22m
[2m../../../../build/out/renderer/[22m[2massets/[22m[36mprism-asm6502-BxxgSdOP.js                       [39m[1m[2m    0.87 kB[22m[1m[22m[2m │ gzip:     0.59 kB[22m
[2m../../../../build/out/renderer/[22m[2massets/[22m[36mprism-asm6502.min-BxxgSdOP.js                   [39m[1m[2m    0.87 kB[22m[1m[22m[2m │ gzip:     0.59 kB[22m
[2m../../../../build/out/renderer/[22m[2massets/[22m[36mprism-bbj-DU1zAVrX.js                           [39m[1m[2m    0.88 kB[22m[1m[22m[2m │ gzip:     0.58 kB[22m
[2m../../../../build/out/renderer/[22m[2massets/[22m[36mprism-bbj.min-DU1zAVrX.js                       [39m[1m[2m    0.88 kB[22m[1m[22m[2m │ gzip:     0.58 kB[22m
[2m../../../../build/out/renderer/[22m[2massets/[22m[36mprism-monkey-RJocbBOd.js                        [39m[1m[2m    0.88 kB[22m[1m[22m[2m │ gzip:     0.61 kB[22m
[2m../../../../build/out/renderer/[22m[2massets/[22m[36mprism-monkey.min-RJocbBOd.js                    [39m[1m[2m    0.88 kB[22m[1m[22m[2m │ gzip:     0.61 kB[22m
[2m../../../../build/out/renderer/[22m[2massets/[22m[36mprism-twig.min-D4aO06TU.js                      [39m[1m[2m    0.89 kB[22m[1m[22m[2m │ gzip:     0.54 kB[22m
[2m../../../../build/out/renderer/[22m[2massets/[22m[36mprism-abnf-CRg45RNi.js                          [39m[1m[2m    0.90 kB[22m[1m[22m[2m │ gzip:     0.50 kB[22m
[2m../../../../build/out/renderer/[22m[2massets/[22m[36mprism-abnf.min-DQcoJZY-.js                      [39m[1m[2m    0.90 kB[22m[1m[22m[2m │ gzip:     0.50 kB[22m
[2m../../../../build/out/renderer/[22m[2massets/[22m[36mprism-twig-m1AJ1adN.js                          [39m[1m[2m    0.90 kB[22m[1m[22m[2m │ gzip:     0.54 kB[22m
[2m../../../../build/out/renderer/[22m[2massets/[22m[36mprism-handlebars.min-CtdhyE20.js                [39m[1m[2m    0.90 kB[22m[1m[22m[2m │ gzip:     0.49 kB[22m
[2m../../../../build/out/renderer/[22m[2massets/[22m[36mprism-shell-session.min-ImGrR_ki.js             [39m[1m[2m    0.90 kB[22m[1m[22m[2m │ gzip:     0.54 kB[22m
[2m../../../../build/out/renderer/[22m[2massets/[22m[36mprism-handlebars-Be5wEnK8.js                    [39m[1m[2m    0.91 kB[22m[1m[22m[2m │ gzip:     0.50 kB[22m
[2m../../../../build/out/renderer/[22m[2massets/[22m[36mprism-ada-CAm6VDxn.js                           [39m[1m[2m    0.91 kB[22m[1m[22m[2m │ gzip:     0.57 kB[22m
[2m../../../../build/out/renderer/[22m[2massets/[22m[36mprism-ada.min-CAm6VDxn.js                       [39m[1m[2m    0.91 kB[22m[1m[22m[2m │ gzip:     0.57 kB[22m
[2m../../../../build/out/renderer/[22m[2massets/[22m[36mprism-turtle-DM1KPWxr.js                        [39m[1m[2m    0.91 kB[22m[1m[22m[2m │ gzip:     0.51 kB[22m
[2m../../../../build/out/renderer/[22m[2massets/[22m[36mprism-turtle.min-D8w6noUD.js                    [39m[1m[2m    0.91 kB[22m[1m[22m[2m │ gzip:     0.51 kB[22m
[2m../../../../build/out/renderer/[22m[2massets/[22m[36mprism-gdscript-Cx-MZGaB.js                      [39m[1m[2m    0.92 kB[22m[1m[22m[2m │ gzip:     0.60 kB[22m
[2m../../../../build/out/renderer/[22m[2massets/[22m[36mprism-gdscript.min-Cx-MZGaB.js                  [39m[1m[2m    0.92 kB[22m[1m[22m[2m │ gzip:     0.60 kB[22m
[2m../../../../build/out/renderer/[22m[2massets/[22m[36mprism-go-module-C1-lbdvL.js                     [39m[1m[2m    0.92 kB[22m[1m[22m[2m │ gzip:     0.57 kB[22m
[2m../../../../build/out/renderer/[22m[2massets/[22m[36mprism-go-module.min-Bq5pMfop.js                 [39m[1m[2m    0.92 kB[22m[1m[22m[2m │ gzip:     0.57 kB[22m
[2m../../../../build/out/renderer/[22m[2massets/[22m[36mprism-flow-BDXUM8xV.js                          [39m[1m[2m    0.92 kB[22m[1m[22m[2m │ gzip:     0.49 kB[22m
[2m../../../../build/out/renderer/[22m[2massets/[22m[36mprism-flow.min-BDXUM8xV.js                      [39m[1m[2m    0.92 kB[22m[1m[22m[2m │ gzip:     0.49 kB[22m
[2m../../../../build/out/renderer/[22m[2massets/[22m[36mprism-makefile-Dk8DMwhC.js                      [39m[1m[2m    0.94 kB[22m[1m[22m[2m │ gzip:     0.56 kB[22m
[2m../../../../build/out/renderer/[22m[2massets/[22m[36mprism-makefile.min-Dk8DMwhC.js                  [39m[1m[2m    0.94 kB[22m[1m[22m[2m │ gzip:     0.56 kB[22m
[2m../../../../build/out/renderer/[22m[2massets/[22m[36mprism-toml.min-aojD2lo7.js                      [39m[1m[2m    0.95 kB[22m[1m[22m[2m │ gzip:     0.51 kB[22m
[2m../../../../build/out/renderer/[22m[2massets/[22m[36mprism-sparql-DRzMlzKW.js                        [39m[1m[2m    0.96 kB[22m[1m[22m[2m │ gzip:     0.64 kB[22m
[2m../../../../build/out/renderer/[22m[2massets/[22m[36mprism-sparql.min-DrTuf0xf.js                    [39m[1m[2m    0.96 kB[22m[1m[22m[2m │ gzip:     0.64 kB[22m
[2m../../../../build/out/renderer/[22m[2massets/[22m[36mprism-toml-BrQIw_NO.js                          [39m[1m[2m    0.96 kB[22m[1m[22m[2m │ gzip:     0.51 kB[22m
[2m../../../../build/out/renderer/[22m[2massets/[22m[36mprism-go-CyY0RbE6.js                            [39m[1m[2m    0.97 kB[22m[1m[22m[2m │ gzip:     0.62 kB[22m
[2m../../../../build/out/renderer/[22m[2massets/[22m[36mprism-go.min-C01cJoHk.js                        [39m[1m[2m    0.97 kB[22m[1m[22m[2m │ gzip:     0.62 kB[22m
[2m../../../../build/out/renderer/[22m[2massets/[22m[36mprism-protobuf-DiQ_z8B5.js                      [39m[1m[2m    0.98 kB[22m[1m[22m[2m │ gzip:     0.51 kB[22m
[2m../../../../build/out/renderer/[22m[2massets/[22m[36mprism-protobuf.min-DiQ_z8B5.js                  [39m[1m[2m    0.98 kB[22m[1m[22m[2m │ gzip:     0.51 kB[22m
[2m../../../../build/out/renderer/[22m[2massets/[22m[36mprism-excel-formula-C7j9mO7J.js                 [39m[1m[2m    0.99 kB[22m[1m[22m[2m │ gzip:     0.51 kB[22m
[2m../../../../build/out/renderer/[22m[2massets/[22m[36mprism-excel-formula.min-DrpUS7DX.js             [39m[1m[2m    0.99 kB[22m[1m[22m[2m │ gzip:     0.51 kB[22m
[2m../../../../build/out/renderer/[22m[2massets/[22m[36mprism-avro-idl-PajovGK8.js                      [39m[1m[2m    1.00 kB[22m[1m[22m[2m │ gzip:     0.54 kB[22m
[2m../../../../build/out/renderer/[22m[2massets/[22m[36mprism-avro-idl.min-TZd7n6rH.js                  [39m[1m[2m    1.00 kB[22m[1m[22m[2m │ gzip:     0.54 kB[22m
[2m../../../../build/out/renderer/[22m[2massets/[22m[36mprism-qore-DDSxqCGS.js                          [39m[1m[2m    1.00 kB[22m[1m[22m[2m │ gzip:     0.61 kB[22m
[2m../../../../build/out/renderer/[22m[2massets/[22m[36mprism-qore.min-DDSxqCGS.js                      [39m[1m[2m    1.00 kB[22m[1m[22m[2m │ gzip:     0.61 kB[22m
[2m../../../../build/out/renderer/[22m[2massets/[22m[36mprism-keyman-Cgc-rHKK.js                        [39m[1m[2m    1.01 kB[22m[1m[22m[2m │ gzip:     0.58 kB[22m
[2m../../../../build/out/renderer/[22m[2massets/[22m[36mprism-keyman.min-Cgc-rHKK.js                    [39m[1m[2m    1.01 kB[22m[1m[22m[2m │ gzip:     0.58 kB[22m
[2m../../../../build/out/renderer/[22m[2massets/[22m[36mprism-neon-CgnFbgOg.js                          [39m[1m[2m    1.01 kB[22m[1m[22m[2m │ gzip:     0.49 kB[22m
[2m../../../../build/out/renderer/[22m[2massets/[22m[36mprism-neon.min-CgnFbgOg.js                      [39m[1m[2m    1.01 kB[22m[1m[22m[2m │ gzip:     0.49 kB[22m
[2m../../../../build/out/renderer/[22m[2massets/[22m[36mprism-latex-Ct-fIE8d.js                         [39m[1m[2m    1.03 kB[22m[1m[22m[2m │ gzip:     0.48 kB[22m
[2m../../../../build/out/renderer/[22m[2massets/[22m[36mprism-latex.min-Ct-fIE8d.js                     [39m[1m[2m    1.03 kB[22m[1m[22m[2m │ gzip:     0.48 kB[22m
[2m../../../../build/out/renderer/[22m[2massets/[22m[36mprism-gap-nLs1SIqX.js                           [39m[1m[2m    1.03 kB[22m[1m[22m[2m │ gzip:     0.57 kB[22m
[2m../../../../build/out/renderer/[22m[2massets/[22m[36mprism-gap.min-DeAPvfHw.js                       [39m[1m[2m    1.03 kB[22m[1m[22m[2m │ gzip:     0.57 kB[22m
[2m../../../../build/out/renderer/[22m[2massets/[22m[36mprism-cypher-DpDf82cn.js                        [39m[1m[2m    1.03 kB[22m[1m[22m[2m │ gzip:     0.67 kB[22m
[2m../../../../build/out/renderer/[22m[2massets/[22m[36mprism-cypher.min-DpDf82cn.js                    [39m[1m[2m    1.03 kB[22m[1m[22m[2m │ gzip:     0.67 kB[22m
[2m../../../../build/out/renderer/[22m[2massets/[22m[36mprism-mizar-BFMntCPT.js                         [39m[1m[2m    1.05 kB[22m[1m[22m[2m │ gzip:     0.63 kB[22m
[2m../../../../build/out/renderer/[22m[2massets/[22m[36mprism-mizar.min-BFMntCPT.js                     [39m[1m[2m    1.05 kB[22m[1m[22m[2m │ gzip:     0.63 kB[22m
[2m../../../../build/out/renderer/[22m[2massets/[22m[36mprism-aql-DuW1WKNx.js                           [39m[1m[2m    1.05 kB[22m[1m[22m[2m │ gzip:     0.66 kB[22m
[2m../../../../build/out/renderer/[22m[2massets/[22m[36mprism-aql.min-DuW1WKNx.js                       [39m[1m[2m    1.05 kB[22m[1m[22m[2m │ gzip:     0.66 kB[22m
[2m../../../../build/out/renderer/[22m[2massets/[22m[36mprism-latte.min-B6w0jh0V.js                     [39m[1m[2m    1.06 kB[22m[1m[22m[2m │ gzip:     0.55 kB[22m
[2m../../../../build/out/renderer/[22m[2massets/[22m[36mprism-gn-BFda6YV5.js                            [39m[1m[2m    1.06 kB[22m[1m[22m[2m │ gzip:     0.55 kB[22m
[2m../../../../build/out/renderer/[22m[2massets/[22m[36mprism-gn.min-KlhBLKXK.js                        [39m[1m[2m    1.06 kB[22m[1m[22m[2m │ gzip:     0.55 kB[22m
[2m../../../../build/out/renderer/[22m[2massets/[22m[36mprism-markup-templating.min-C3bCmnD2.js         [39m[1m[2m    1.07 kB[22m[1m[22m[2m │ gzip:     0.55 kB[22m
[2m../../../../build/out/renderer/[22m[2massets/[22m[36mprism-latte-l_dxjvGU.js                         [39m[1m[2m    1.07 kB[22m[1m[22m[2m │ gzip:     0.55 kB[22m
[2m../../../../build/out/renderer/[22m[2massets/[22m[36mprism-markup-templating-Ct1xsyfA.js             [39m[1m[2m    1.07 kB[22m[1m[22m[2m │ gzip:     0.56 kB[22m
[2m../../../../build/out/renderer/[22m[2massets/[22m[36mprism-n4js-CsX3Oc7L.js                          [39m[1m[2m    1.08 kB[22m[1m[22m[2m │ gzip:     0.67 kB[22m
[2m../../../../build/out/renderer/[22m[2massets/[22m[36mprism-n4js.min-B9bMlWQZ.js                      [39m[1m[2m    1.08 kB[22m[1m[22m[2m │ gzip:     0.67 kB[22m
[2m../../../../build/out/renderer/[22m[2massets/[22m[36mprism-brightscript-B79NHZha.js                  [39m[1m[2m    1.09 kB[22m[1m[22m[2m │ gzip:     0.59 kB[22m
[2m../../../../build/out/renderer/[22m[2massets/[22m[36mprism-brightscript.min-CUkjgU-Q.js              [39m[1m[2m    1.09 kB[22m[1m[22m[2m │ gzip:     0.59 kB[22m
[2m../../../../build/out/renderer/[22m[2massets/[22m[36mprism-vhdl-DR4N3PYB.js                          [39m[1m[2m    1.09 kB[22m[1m[22m[2m │ gzip:     0.69 kB[22m
[2m../../../../build/out/renderer/[22m[2massets/[22m[36mprism-vhdl.min-DR4N3PYB.js                      [39m[1m[2m    1.09 kB[22m[1m[22m[2m │ gzip:     0.69 kB[22m
[2m../../../../build/out/renderer/[22m[2massets/[22m[36mprism-sass-COF7ESLM.js                          [39m[1m[2m    1.09 kB[22m[1m[22m[2m │ gzip:     0.46 kB[22m
[2m../../../../build/out/renderer/[22m[2massets/[22m[36mprism-sass.min--kywM47W.js                      [39m[1m[2m    1.09 kB[22m[1m[22m[2m │ gzip:     0.46 kB[22m
[2m../../../../build/out/renderer/[22m[2massets/[22m[36mprism-squirrel-Bf7oytxr.js                      [39m[1m[2m    1.09 kB[22m[1m[22m[2m │ gzip:     0.62 kB[22m
[2m../../../../build/out/renderer/[22m[2massets/[22m[36mprism-squirrel.min-CfgrBuOM.js                  [39m[1m[2m    1.09 kB[22m[1m[22m[2m │ gzip:     0.62 kB[22m
[2m../../../../build/out/renderer/[22m[2massets/[22m[36mprism-aspnet-DqCEgSpk.js                        [39m[1m[2m    1.10 kB[22m[1m[22m[2m │ gzip:     0.52 kB[22m
[2m../../../../build/out/renderer/[22m[2massets/[22m[36mprism-aspnet.min-D7HaJa2F.js                    [39m[1m[2m    1.10 kB[22m[1m[22m[2m │ gzip:     0.52 kB[22m
[2m../../../../build/out/renderer/[22m[2massets/[22m[36mprism-glsl-DkIiavw3.js                          [39m[1m[2m    1.10 kB[22m[1m[22m[2m │ gzip:     0.55 kB[22m
[2m../../../../build/out/renderer/[22m[2massets/[22m[36mprism-glsl.min-DkIiavw3.js                      [39m[1m[2m    1.10 kB[22m[1m[22m[2m │ gzip:     0.55 kB[22m
[2m../../../../build/out/renderer/[22m[2massets/[22m[36mprism-xojo-DEu47_Eq.js                          [39m[1m[2m    1.12 kB[22m[1m[22m[2m │ gzip:     0.75 kB[22m
[2m../../../../build/out/renderer/[22m[2massets/[22m[36mprism-xojo.min-DEu47_Eq.js                      [39m[1m[2m    1.12 kB[22m[1m[22m[2m │ gzip:     0.75 kB[22m
[2m../../../../build/out/renderer/[22m[2massets/[22m[36mprism-django-BWslReM2.js                        [39m[1m[2m    1.14 kB[22m[1m[22m[2m │ gzip:     0.58 kB[22m
[2m../../../../build/out/renderer/[22m[2massets/[22m[36mindex-Cf-MX0uX.js                               [39m[1m[2m    1.14 kB[22m[1m[22m[2m │ gzip:     0.70 kB[22m
[2m../../../../build/out/renderer/[22m[2massets/[22m[36mprism-nim-DBDdQuGW.js                           [39m[1m[2m    1.14 kB[22m[1m[22m[2m │ gzip:     0.68 kB[22m
[2m../../../../build/out/renderer/[22m[2massets/[22m[36mprism-nim.min-DBDdQuGW.js                       [39m[1m[2m    1.14 kB[22m[1m[22m[2m │ gzip:     0.68 kB[22m
[2m../../../../build/out/renderer/[22m[2massets/[22m[36mprism-phpdoc.min-z-vaX3pv.js                    [39m[1m[2m    1.14 kB[22m[1m[22m[2m │ gzip:     0.70 kB[22m
[2m../../../../build/out/renderer/[22m[2massets/[22m[36mprism-django.min-qPs9swIv.js                    [39m[1m[2m    1.14 kB[22m[1m[22m[2m │ gzip:     0.58 kB[22m
[2m../../../../build/out/renderer/[22m[2massets/[22m[36mprism-phpdoc-D249Amcf.js                        [39m[1m[2m    1.14 kB[22m[1m[22m[2m │ gzip:     0.69 kB[22m
[2m../../../../build/out/renderer/[22m[2massets/[22m[36mprism-idris-0cX4ajsh.js                         [39m[1m[2m    1.16 kB[22m[1m[22m[2m │ gzip:     0.72 kB[22m
[2m../../../../build/out/renderer/[22m[2massets/[22m[36mprism-idris.min-fbVkvspa.js                     [39m[1m[2m    1.16 kB[22m[1m[22m[2m │ gzip:     0.73 kB[22m
[2m../../../../build/out/renderer/[22m[2massets/[22m[36mprism-dot.min-Dek995_a.js                       [39m[1m[2m    1.17 kB[22m[1m[22m[2m │ gzip:     0.62 kB[22m
[2m../../../../build/out/renderer/[22m[2massets/[22m[36mprism-lolcode-DjyavpuK.js                       [39m[1m[2m    1.17 kB[22m[1m[22m[2m │ gzip:     0.68 kB[22m
[2m../../../../build/out/renderer/[22m[2massets/[22m[36mprism-lolcode.min-DjyavpuK.js                   [39m[1m[2m    1.17 kB[22m[1m[22m[2m │ gzip:     0.68 kB[22m
[2m../../../../build/out/renderer/[22m[2massets/[22m[36mprism-mata.min-rBBmjQjH.js                      [39m[1m[2m    1.17 kB[22m[1m[22m[2m │ gzip:     0.68 kB[22m
[2m../../../../build/out/renderer/[22m[2massets/[22m[36mprism-wiki-DjFVhRto.js                          [39m[1m[2m    1.17 kB[22m[1m[22m[2m │ gzip:     0.60 kB[22m
[2m../../../../build/out/renderer/[22m[2massets/[22m[36mprism-wiki.min-BsEx4VZd.js                      [39m[1m[2m    1.17 kB[22m[1m[22m[2m │ gzip:     0.60 kB[22m
[2m../../../../build/out/renderer/[22m[2massets/[22m[36mprism-mata-B5K4Qo_b.js                          [39m[1m[2m    1.17 kB[22m[1m[22m[2m │ gzip:     0.68 kB[22m
[2m../../../../build/out/renderer/[22m[2massets/[22m[36mprism-tt2.min-DjYnbBTU.js                       [39m[1m[2m    1.18 kB[22m[1m[22m[2m │ gzip:     0.66 kB[22m
[2m../../../../build/out/renderer/[22m[2massets/[22m[36mprism-tt2-CBht2XVN.js                           [39m[1m[2m    1.19 kB[22m[1m[22m[2m │ gzip:     0.66 kB[22m
[2m../../../../build/out/renderer/[22m[2massets/[22m[36mprism-uri.min-COtSP1lu.js                       [39m[1m[2m    1.19 kB[22m[1m[22m[2m │ gzip:     0.52 kB[22m
[2m../../../../build/out/renderer/[22m[2massets/[22m[36mprism-nasm-Bq8uykbs.js                          [39m[1m[2m    1.20 kB[22m[1m[22m[2m │ gzip:     0.79 kB[22m
[2m../../../../build/out/renderer/[22m[2massets/[22m[36mprism-nasm.min-kumKrB9A.js                      [39m[1m[2m    1.20 kB[22m[1m[22m[2m │ gzip:     0.79 kB[22m
[2m../../../../build/out/renderer/[22m[2massets/[22m[36mprism-antlr4-BYzOOK2y.js                        [39m[1m[2m    1.21 kB[22m[1m[22m[2m │ gzip:     0.63 kB[22m
[2m../../../../build/out/renderer/[22m[2massets/[22m[36mprism-antlr4.min-92bDzTX9.js                    [39m[1m[2m    1.21 kB[22m[1m[22m[2m │ gzip:     0.63 kB[22m
[2m../../../../build/out/renderer/[22m[2massets/[22m[36mprism-dot-CiMjG99s.js                           [39m[1m[2m    1.21 kB[22m[1m[22m[2m │ gzip:     0.60 kB[22m
[2m../../../../build/out/renderer/[22m[2massets/[22m[36mprism-lilypond.min-reCS1CDE.js                  [39m[1m[2m    1.22 kB[22m[1m[22m[2m │ gzip:     0.61 kB[22m
[2m../../../../build/out/renderer/[22m[2massets/[22m[36mprism-lilypond-BER821kA.js                      [39m[1m[2m    1.22 kB[22m[1m[22m[2m │ gzip:     0.60 kB[22m
[2m../../../../build/out/renderer/[22m[2massets/[22m[36mprism-css.min-IyoPWrQV.js                       [39m[1m[2m    1.23 kB[22m[1m[22m[2m │ gzip:     0.62 kB[22m
[2m../../../../build/out/renderer/[22m[2massets/[22m[36mprism-promql.min-h6t9VWrx.js                    [39m[1m[2m    1.23 kB[22m[1m[22m[2m │ gzip:     0.66 kB[22m
[2m../../../../build/out/renderer/[22m[2massets/[22m[36mprism-agda-CVwfhZc7.js                          [39m[1m[2m    1.23 kB[22m[1m[22m[2m │ gzip:     0.80 kB[22m
[2m../../../../build/out/renderer/[22m[2massets/[22m[36mprism-agda.min-BmzVb8Xq.js                      [39m[1m[2m    1.23 kB[22m[1m[22m[2m │ gzip:     0.80 kB[22m
[2m../../../../build/out/renderer/[22m[2massets/[22m[36mprism-velocity-vL66KduZ.js                      [39m[1m[2m    1.24 kB[22m[1m[22m[2m │ gzip:     0.57 kB[22m
[2m../../../../build/out/renderer/[22m[2massets/[22m[36mprism-velocity.min-vL66KduZ.js                  [39m[1m[2m    1.24 kB[22m[1m[22m[2m │ gzip:     0.57 kB[22m
[2m../../../../build/out/renderer/[22m[2massets/[22m[36mprism-uri-BQNPRq5q.js                           [39m[1m[2m    1.24 kB[22m[1m[22m[2m │ gzip:     0.53 kB[22m
[2m../../../../build/out/renderer/[22m[2massets/[22m[36mprism-promql-Y0HSROAG.js                        [39m[1m[2m    1.24 kB[22m[1m[22m[2m │ gzip:     0.66 kB[22m
[2m../../../../build/out/renderer/[22m[2massets/[22m[36mprism-dhall-CAkFbJIe.js                         [39m[1m[2m    1.25 kB[22m[1m[22m[2m │ gzip:     0.69 kB[22m
[2m../../../../build/out/renderer/[22m[2massets/[22m[36mprism-dhall.min-Q-wxn-7Y.js                     [39m[1m[2m    1.25 kB[22m[1m[22m[2m │ gzip:     0.69 kB[22m
[2m../../../../build/out/renderer/[22m[2massets/[22m[36mprism-css-Bpx-unsJ.js                           [39m[1m[2m    1.26 kB[22m[1m[22m[2m │ gzip:     0.62 kB[22m
[2m../../../../build/out/renderer/[22m[2massets/[22m[36mprism-fortran-BsL8VIqV.js                       [39m[1m[2m    1.26 kB[22m[1m[22m[2m │ gzip:     0.81 kB[22m
[2m../../../../build/out/renderer/[22m[2massets/[22m[36mprism-fortran.min-BsL8VIqV.js                   [39m[1m[2m    1.26 kB[22m[1m[22m[2m │ gzip:     0.81 kB[22m
[2m../../../../build/out/renderer/[22m[2massets/[22m[36mprism-armasm-DkS1SODK.js                        [39m[1m[2m    1.27 kB[22m[1m[22m[2m │ gzip:     0.80 kB[22m
[2m../../../../build/out/renderer/[22m[2massets/[22m[36mprism-armasm.min-CGPLfNh2.js                    [39m[1m[2m    1.27 kB[22m[1m[22m[2m │ gzip:     0.80 kB[22m
[2m../../../../build/out/renderer/[22m[2massets/[22m[36mprism-nix-CMuMbGbY.js                           [39m[1m[2m    1.28 kB[22m[1m[22m[2m │ gzip:     0.78 kB[22m
[2m../../../../build/out/renderer/[22m[2massets/[22m[36mprism-nix.min-B0pj7oAX.js                       [39m[1m[2m    1.28 kB[22m[1m[22m[2m │ gzip:     0.78 kB[22m
[2m../../../../build/out/renderer/[22m[2massets/[22m[36mprism-regex.min-Cps5C5z2.js                     [39m[1m[2m    1.29 kB[22m[1m[22m[2m │ gzip:     0.61 kB[22m
[2m../../../../build/out/renderer/[22m[2massets/[22m[36mprism-regex-DCddBNSB.js                         [39m[1m[2m    1.30 kB[22m[1m[22m[2m │ gzip:     0.61 kB[22m
[2m../../../../build/out/renderer/[22m[2massets/[22m[36mprism-reason.min-WNwufK5Y.js                    [39m[1m[2m    1.31 kB[22m[1m[22m[2m │ gzip:     0.83 kB[22m
[2m../../../../build/out/renderer/[22m[2massets/[22m[36mprism-reason-xgf8WhAW.js                        [39m[1m[2m    1.32 kB[22m[1m[22m[2m │ gzip:     0.83 kB[22m
[2m../../../../build/out/renderer/[22m[2massets/[22m[36mprism-iecst-CJIOcAoB.js                         [39m[1m[2m    1.32 kB[22m[1m[22m[2m │ gzip:     0.87 kB[22m
[2m../../../../build/out/renderer/[22m[2massets/[22m[36mprism-iecst.min-CJIOcAoB.js                     [39m[1m[2m    1.32 kB[22m[1m[22m[2m │ gzip:     0.87 kB[22m
[2m../../../../build/out/renderer/[22m[2massets/[22m[36mprism-oz-BpDMLj2r.js                            [39m[1m[2m    1.32 kB[22m[1m[22m[2m │ gzip:     0.85 kB[22m
[2m../../../../build/out/renderer/[22m[2massets/[22m[36mprism-oz.min-B9ti5LET.js                        [39m[1m[2m    1.32 kB[22m[1m[22m[2m │ gzip:     0.85 kB[22m
[2m../../../../build/out/renderer/[22m[2massets/[22m[36mprism-bqn-82HBAZnS.js                           [39m[1m[2m    1.33 kB[22m[1m[22m[2m │ gzip:     0.73 kB[22m
[2m../../../../build/out/renderer/[22m[2massets/[22m[36mprism-bqn.min-82HBAZnS.js                       [39m[1m[2m    1.33 kB[22m[1m[22m[2m │ gzip:     0.73 kB[22m
[2m../../../../build/out/renderer/[22m[2massets/[22m[36mprism-pascaligo.min-C7uyNCRb.js                 [39m[1m[2m    1.33 kB[22m[1m[22m[2m │ gzip:     0.69 kB[22m
[2m../../../../build/out/renderer/[22m[2massets/[22m[36mprism-pascaligo-DCul7gAK.js                     [39m[1m[2m    1.35 kB[22m[1m[22m[2m │ gzip:     0.69 kB[22m
[2m../../../../build/out/renderer/[22m[2massets/[22m[36mprism-wren-pyPAcPiN.js                          [39m[1m[2m    1.36 kB[22m[1m[22m[2m │ gzip:     0.67 kB[22m
[2m../../../../build/out/renderer/[22m[2massets/[22m[36mprism-wren.min-DL-gjGmD.js                      [39m[1m[2m    1.36 kB[22m[1m[22m[2m │ gzip:     0.67 kB[22m
[2m../../../../build/out/renderer/[22m[2massets/[22m[36mprism-smali-Bm2SUyAH.js                         [39m[1m[2m    1.36 kB[22m[1m[22m[2m │ gzip:     0.63 kB[22m
[2m../../../../build/out/renderer/[22m[2massets/[22m[36mprism-smali.min-Bm2SUyAH.js                     [39m[1m[2m    1.36 kB[22m[1m[22m[2m │ gzip:     0.63 kB[22m
[2m../../../../build/out/renderer/[22m[2massets/[22m[36mprism-wolfram-jw_ptDgl.js                       [39m[1m[2m    1.36 kB[22m[1m[22m[2m │ gzip:     0.84 kB[22m
[2m../../../../build/out/renderer/[22m[2massets/[22m[36mprism-wolfram.min-DM5igI-Q.js                   [39m[1m[2m    1.36 kB[22m[1m[22m[2m │ gzip:     0.84 kB[22m
[2m../../../../build/out/renderer/[22m[2massets/[22m[36mprism-mel-DNZtul_E.js                           [39m[1m[2m    1.37 kB[22m[1m[22m[2m │ gzip:     0.81 kB[22m
[2m../../../../build/out/renderer/[22m[2massets/[22m[36mprism-mel.min-CoeKlH6R.js                       [39m[1m[2m    1.37 kB[22m[1m[22m[2m │ gzip:     0.81 kB[22m
[2m../../../../build/out/renderer/[22m[2massets/[22m[36mprism-scala-BjNo2HkN.js                         [39m[1m[2m    1.37 kB[22m[1m[22m[2m │ gzip:     0.72 kB[22m
[2m../../../../build/out/renderer/[22m[2massets/[22m[36mprism-scala.min-BcWFFSXv.js                     [39m[1m[2m    1.37 kB[22m[1m[22m[2m │ gzip:     0.72 kB[22m
[2m../../../../build/out/renderer/[22m[2massets/[22m[36mprism-gradle-BW30H6f7.js                        [39m[1m[2m    1.38 kB[22m[1m[22m[2m │ gzip:     0.74 kB[22m
[2m../../../../build/out/renderer/[22m[2massets/[22m[36mprism-gradle.min-BW30H6f7.js                    [39m[1m[2m    1.38 kB[22m[1m[22m[2m │ gzip:     0.74 kB[22m
[2m../../../../build/out/renderer/[22m[2massets/[22m[36mprism-javadoc.min-0bjPNElj.js                   [39m[1m[2m    1.40 kB[22m[1m[22m[2m │ gzip:     0.62 kB[22m
[2m../../../../build/out/renderer/[22m[2massets/[22m[36mprism-javadoc-DUqTwkXH.js                       [39m[1m[2m    1.41 kB[22m[1m[22m[2m │ gzip:     0.62 kB[22m
[2m../../../../build/out/renderer/[22m[2massets/[22m[36mprism-jsdoc.min-BtcmUY4y.js                     [39m[1m[2m    1.41 kB[22m[1m[22m[2m │ gzip:     0.66 kB[22m
[2m../../../../build/out/renderer/[22m[2massets/[22m[36mprism-jsdoc-BpbvKxX3.js                         [39m[1m[2m    1.42 kB[22m[1m[22m[2m │ gzip:     0.65 kB[22m
[2m../../../../build/out/renderer/[22m[2massets/[22m[36mprism-coffeescript-Dp7vXVPb.js                  [39m[1m[2m    1.42 kB[22m[1m[22m[2m │ gzip:     0.66 kB[22m
[2m../../../../build/out/renderer/[22m[2massets/[22m[36mprism-coffeescript.min-Dp7vXVPb.js              [39m[1m[2m    1.42 kB[22m[1m[22m[2m │ gzip:     0.66 kB[22m
[2m../../../../build/out/renderer/[22m[2massets/[22m[36mprism-qml.min-CSDQ8NDZ.js                       [39m[1m[2m    1.43 kB[22m[1m[22m[2m │ gzip:     0.62 kB[22m
[2m../../../../build/out/renderer/[22m[2massets/[22m[36mprism-icon-CwCkC1Dd.js                          [39m[1m[2m    1.43 kB[22m[1m[22m[2m │ gzip:     0.92 kB[22m
[2m../../../../build/out/renderer/[22m[2massets/[22m[36mprism-icon.min-BiCjOpjp.js                      [39m[1m[2m    1.43 kB[22m[1m[22m[2m │ gzip:     0.92 kB[22m
[2m../../../../build/out/renderer/[22m[2massets/[22m[36mprism-parser-DOuQIpo6.js                        [39m[1m[2m    1.44 kB[22m[1m[22m[2m │ gzip:     0.67 kB[22m
[2m../../../../build/out/renderer/[22m[2massets/[22m[36mprism-parser.min-DOuQIpo6.js                    [39m[1m[2m    1.44 kB[22m[1m[22m[2m │ gzip:     0.67 kB[22m
[2m../../../../build/out/renderer/[22m[2massets/[22m[36mprism-qml-CDXjBe9d.js                           [39m[1m[2m    1.44 kB[22m[1m[22m[2m │ gzip:     0.60 kB[22m
[2m../../../../build/out/renderer/[22m[2massets/[22m[36mprism-eiffel.min-Dts-uHK4.js                    [39m[1m[2m    1.44 kB[22m[1m[22m[2m │ gzip:     0.91 kB[22m
[2m../../../../build/out/renderer/[22m[2massets/[22m[36mprism-eiffel-B3gbVC3d.js                        [39m[1m[2m    1.44 kB[22m[1m[22m[2m │ gzip:     0.91 kB[22m
[2m../../../../build/out/renderer/[22m[2massets/[22m[36mprism-odin-B0Fa2f7q.js                          [39m[1m[2m    1.45 kB[22m[1m[22m[2m │ gzip:     0.80 kB[22m
[2m../../../../build/out/renderer/[22m[2massets/[22m[36mprism-odin.min-B0Fa2f7q.js                      [39m[1m[2m    1.45 kB[22m[1m[22m[2m │ gzip:     0.80 kB[22m
[2m../../../../build/out/renderer/[22m[2massets/[22m[36mprism-shell-session-BkourWLY.js                 [39m[1m[2m    1.47 kB[22m[1m[22m[2m │ gzip:     0.85 kB[22m
[2m../../../../build/out/renderer/[22m[2massets/[22m[36mordinal-BwbQ-ECR.js                             [39m[1m[2m    1.47 kB[22m[1m[22m[2m │ gzip:     0.61 kB[22m
[2m../../../../build/out/renderer/[22m[2massets/[22m[36mprism-robotframework.min-Dt8hAyOH.js            [39m[1m[2m    1.48 kB[22m[1m[22m[2m │ gzip:     0.62 kB[22m
[2m../../../../build/out/renderer/[22m[2massets/[22m[36mprism-robotframework-Ds4H2xE3.js                [39m[1m[2m    1.49 kB[22m[1m[22m[2m │ gzip:     0.62 kB[22m
[2m../../../../build/out/renderer/[22m[2massets/[22m[36mprism-keep-markup-Dak32VR4.js                   [39m[1m[2m    1.49 kB[22m[1m[22m[2m │ gzip:     0.68 kB[22m
[2m../../../../build/out/renderer/[22m[2massets/[22m[36mprism-julia-X03llD8i.js                         [39m[1m[2m    1.51 kB[22m[1m[22m[2m │ gzip:     0.97 kB[22m
[2m../../../../build/out/renderer/[22m[2massets/[22m[36mprism-julia.min-CY0dmUYA.js                     [39m[1m[2m    1.51 kB[22m[1m[22m[2m │ gzip:     0.97 kB[22m
[2m../../../../build/out/renderer/[22m[2massets/[22m[36mprism-stan.min-e80acULY.js                      [39m[1m[2m    1.51 kB[22m[1m[22m[2m │ gzip:     0.84 kB[22m
[2m../../../../build/out/renderer/[22m[2massets/[22m[36mprism-elm-DuBuZrgo.js                           [39m[1m[2m    1.51 kB[22m[1m[22m[2m │ gzip:     0.91 kB[22m
[2m../../../../build/out/renderer/[22m[2massets/[22m[36mprism-elm.min-BkTQTNHM.js                       [39m[1m[2m    1.51 kB[22m[1m[22m[2m │ gzip:     0.91 kB[22m
[2m../../../../build/out/renderer/[22m[2massets/[22m[36mprism-docker.min-BYyzUfbQ.js                    [39m[1m[2m    1.52 kB[22m[1m[22m[2m │ gzip:     0.72 kB[22m
[2m../../../../build/out/renderer/[22m[2massets/[22m[36mprism-sml.min-qXKM7qe2.js                       [39m[1m[2m    1.53 kB[22m[1m[22m[2m │ gzip:     0.78 kB[22m
[2m../../../../build/out/renderer/[22m[2massets/[22m[36mprism-stan-kS0p8AOG.js                          [39m[1m[2m    1.53 kB[22m[1m[22m[2m │ gzip:     0.85 kB[22m
[2m../../../../build/out/renderer/[22m[2massets/[22m[36mprism-sml-CXWOdtYg.js                           [39m[1m[2m    1.53 kB[22m[1m[22m[2m │ gzip:     0.77 kB[22m
[2m../../../../build/out/renderer/[22m[2massets/[22m[36mprism-kusto-CcugZ8xx.js                         [39m[1m[2m    1.54 kB[22m[1m[22m[2m │ gzip:     0.91 kB[22m
[2m../../../../build/out/renderer/[22m[2massets/[22m[36mprism-kusto.min-CcugZ8xx.js                     [39m[1m[2m    1.54 kB[22m[1m[22m[2m │ gzip:     0.91 kB[22m
[2m../../../../build/out/renderer/[22m[2massets/[22m[36mprism-cue.min-CtpgukgK.js                       [39m[1m[2m    1.54 kB[22m[1m[22m[2m │ gzip:     0.75 kB[22m
[2m../../../../build/out/renderer/[22m[2massets/[22m[36mprism-docker-MnIa7k-I.js                        [39m[1m[2m    1.56 kB[22m[1m[22m[2m │ gzip:     0.71 kB[22m
[2m../../../../build/out/renderer/[22m[2massets/[22m[36mprism-tremor.min-Cv40_fLg.js                    [39m[1m[2m    1.56 kB[22m[1m[22m[2m │ gzip:     0.84 kB[22m
[2m../../../../build/out/renderer/[22m[2massets/[22m[36mprism-solidity-Covybx-y.js                      [39m[1m[2m    1.58 kB[22m[1m[22m[2m │ gzip:     0.97 kB[22m
[2m../../../../build/out/renderer/[22m[2massets/[22m[36mprism-solidity.min-BOTyx7ab.js                  [39m[1m[2m    1.58 kB[22m[1m[22m[2m │ gzip:     0.97 kB[22m
[2m../../../../build/out/renderer/[22m[2massets/[22m[36mprism-haxe-C3kk7Q03.js                          [39m[1m[2m    1.58 kB[22m[1m[22m[2m │ gzip:     0.80 kB[22m
[2m../../../../build/out/renderer/[22m[2massets/[22m[36mprism-haxe.min-D2DvTG46.js                      [39m[1m[2m    1.58 kB[22m[1m[22m[2m │ gzip:     0.80 kB[22m
[2m../../../../build/out/renderer/[22m[2massets/[22m[36mprism-dart.min-CkBajeCT.js                      [39m[1m[2m    1.59 kB[22m[1m[22m[2m │ gzip:     0.82 kB[22m
[2m../../../../build/out/renderer/[22m[2massets/[22m[36mprism-cooklang.min-BYldrneq.js                  [39m[1m[2m    1.59 kB[22m[1m[22m[2m │ gzip:     0.61 kB[22m
[2m../../../../build/out/renderer/[22m[2massets/[22m[36mprism-dart-MjriiaMt.js                          [39m[1m[2m    1.59 kB[22m[1m[22m[2m │ gzip:     0.82 kB[22m
[2m../../../../build/out/renderer/[22m[2massets/[22m[36mprism-cue-v-2-eNoF.js                           [39m[1m[2m    1.60 kB[22m[1m[22m[2m │ gzip:     0.77 kB[22m
[2m../../../../build/out/renderer/[22m[2massets/[22m[36mprism-tremor-C0knHlwD.js                        [39m[1m[2m    1.60 kB[22m[1m[22m[2m │ gzip:     0.84 kB[22m
[2m../../../../build/out/renderer/[22m[2massets/[22m[36mprism-soy.min-CJAW7jzv.js                       [39m[1m[2m    1.60 kB[22m[1m[22m[2m │ gzip:     0.82 kB[22m
[2m../../../../build/out/renderer/[22m[2massets/[22m[36mprism-soy-CTVvvaUK.js                           [39m[1m[2m    1.61 kB[22m[1m[22m[2m │ gzip:     0.83 kB[22m
[2m../../../../build/out/renderer/[22m[2massets/[22m[36mprism-bro-lbDe4LMZ.js                           [39m[1m[2m    1.61 kB[22m[1m[22m[2m │ gzip:     1.01 kB[22m
[2m../../../../build/out/renderer/[22m[2massets/[22m[36mprism-bro.min-CGmQJOR8.js                       [39m[1m[2m    1.61 kB[22m[1m[22m[2m │ gzip:     1.01 kB[22m
[2m../../../../build/out/renderer/[22m[2massets/[22m[36mprism-groovy-CGzo1uDg.js                        [39m[1m[2m    1.61 kB[22m[1m[22m[2m │ gzip:     0.88 kB[22m
[2m../../../../build/out/renderer/[22m[2massets/[22m[36mprism-groovy.min-CGzo1uDg.js                    [39m[1m[2m    1.61 kB[22m[1m[22m[2m │ gzip:     0.88 kB[22m
[2m../../../../build/out/renderer/[22m[2massets/[22m[36mprism-kumir.min-DJpk5v8I.js                     [39m[1m[2m    1.62 kB[22m[1m[22m[2m │ gzip:     0.80 kB[22m
[2m../../../../build/out/renderer/[22m[2massets/[22m[36mprism-magma-VyHHyAq9.js                         [39m[1m[2m    1.63 kB[22m[1m[22m[2m │ gzip:     0.95 kB[22m
[2m../../../../build/out/renderer/[22m[2massets/[22m[36mprism-magma.min-CKsvE4Ud.js                     [39m[1m[2m    1.63 kB[22m[1m[22m[2m │ gzip:     0.95 kB[22m
[2m../../../../build/out/renderer/[22m[2massets/[22m[36mprism-stata-CHlpluJh.js                         [39m[1m[2m    1.64 kB[22m[1m[22m[2m │ gzip:     0.70 kB[22m
[2m../../../../build/out/renderer/[22m[2massets/[22m[36mprism-stata.min-oPnRQo4s.js                     [39m[1m[2m    1.64 kB[22m[1m[22m[2m │ gzip:     0.70 kB[22m
[2m../../../../build/out/renderer/[22m[2massets/[22m[36mprism-csp.min-DaU9PUxR.js                       [39m[1m[2m    1.64 kB[22m[1m[22m[2m │ gzip:     0.90 kB[22m
[2m../../../../build/out/renderer/[22m[2massets/[22m[36mprism-cooklang-J108tyB6.js                      [39m[1m[2m    1.64 kB[22m[1m[22m[2m │ gzip:     0.64 kB[22m
[2m../../../../build/out/renderer/[22m[2massets/[22m[36mprism-hlsl-VSQD55yM.js                          [39m[1m[2m    1.66 kB[22m[1m[22m[2m │ gzip:     0.88 kB[22m
[2m../../../../build/out/renderer/[22m[2massets/[22m[36mprism-hlsl.min-VSQD55yM.js                      [39m[1m[2m    1.66 kB[22m[1m[22m[2m │ gzip:     0.88 kB[22m
[2m../../../../build/out/renderer/[22m[2massets/[22m[36mprism-kumir-CKrK8eFH.js                         [39m[1m[2m    1.66 kB[22m[1m[22m[2m │ gzip:     0.82 kB[22m
[2m../../../../build/out/renderer/[22m[2massets/[22m[36mprism-jq.min-CbKndTTk.js                        [39m[1m[2m    1.67 kB[22m[1m[22m[2m │ gzip:     0.93 kB[22m
[2m../../../../build/out/renderer/[22m[2massets/[22m[36mprism-ocaml-C2D5i3Ko.js                         [39m[1m[2m    1.67 kB[22m[1m[22m[2m │ gzip:     0.99 kB[22m
[2m../../../../build/out/renderer/[22m[2massets/[22m[36mprism-ocaml.min-DENE7Qy1.js                     [39m[1m[2m    1.67 kB[22m[1m[22m[2m │ gzip:     0.99 kB[22m
[2m../../../../build/out/renderer/[22m[2massets/[22m[36mprism-batch-CpZc0oiP.js                         [39m[1m[2m    1.68 kB[22m[1m[22m[2m │ gzip:     0.67 kB[22m
[2m../../../../build/out/renderer/[22m[2massets/[22m[36mprism-batch.min-B1cP4gzI.js                     [39m[1m[2m    1.68 kB[22m[1m[22m[2m │ gzip:     0.67 kB[22m
[2m../../../../build/out/renderer/[22m[2massets/[22m[36mprism-jq-C3EFpAp8.js                            [39m[1m[2m    1.68 kB[22m[1m[22m[2m │ gzip:     0.93 kB[22m
[2m../../../../build/out/renderer/[22m[2massets/[22m[36mprism-bsl-D6saIzKx.js                           [39m[1m[2m    1.68 kB[22m[1m[22m[2m │ gzip:     0.77 kB[22m
[2m../../../../build/out/renderer/[22m[2massets/[22m[36mprism-bsl.min-uyBqKpSh.js                       [39m[1m[2m    1.68 kB[22m[1m[22m[2m │ gzip:     0.77 kB[22m
[2m../../../../build/out/renderer/[22m[2massets/[22m[36mprism-chaiscript-C1XttfdG.js                    [39m[1m[2m    1.69 kB[22m[1m[22m[2m │ gzip:     0.87 kB[22m
[2m../../../../build/out/renderer/[22m[2massets/[22m[36mprism-chaiscript.min-BvAfu8X6.js                [39m[1m[2m    1.69 kB[22m[1m[22m[2m │ gzip:     0.87 kB[22m
[2m../../../../build/out/renderer/[22m[2massets/[22m[36mprism-splunk-spl-BkAVti3J.js                    [39m[1m[2m    1.70 kB[22m[1m[22m[2m │ gzip:     0.92 kB[22m
[2m../../../../build/out/renderer/[22m[2massets/[22m[36mprism-splunk-spl.min-BkAVti3J.js                [39m[1m[2m    1.70 kB[22m[1m[22m[2m │ gzip:     0.92 kB[22m
[2m../../../../build/out/renderer/[22m[2massets/[22m[36mprism-wasm-UuVk2Z0H.js                          [39m[1m[2m    1.71 kB[22m[1m[22m[2m │ gzip:     0.99 kB[22m
[2m../../../../build/out/renderer/[22m[2massets/[22m[36mprism-wasm.min-BesnkpZ5.js                      [39m[1m[2m    1.71 kB[22m[1m[22m[2m │ gzip:     0.99 kB[22m
[2m../../../../build/out/renderer/[22m[2massets/[22m[36mprism-q-C2sw--md.js                             [39m[1m[2m    1.71 kB[22m[1m[22m[2m │ gzip:     1.02 kB[22m
[2m../../../../build/out/renderer/[22m[2massets/[22m[36mprism-q.min-C2sw--md.js                         [39m[1m[2m    1.71 kB[22m[1m[22m[2m │ gzip:     1.02 kB[22m
[2m../../../../build/out/renderer/[22m[2massets/[22m[36mprism-io-DFJf-A89.js                            [39m[1m[2m    1.72 kB[22m[1m[22m[2m │ gzip:     1.06 kB[22m
[2m../../../../build/out/renderer/[22m[2massets/[22m[36mprism-io.min-DFJf-A89.js                        [39m[1m[2m    1.72 kB[22m[1m[22m[2m │ gzip:     1.06 kB[22m
[2m../../../../build/out/renderer/[22m[2massets/[22m[36mprism-peoplecode.min-C9He6apr.js                [39m[1m[2m    1.72 kB[22m[1m[22m[2m │ gzip:     0.98 kB[22m
[2m../../../../build/out/renderer/[22m[2massets/[22m[36mprism-cfscript-CInMIdDg.js                      [39m[1m[2m    1.72 kB[22m[1m[22m[2m │ gzip:     0.99 kB[22m
[2m../../../../build/out/renderer/[22m[2massets/[22m[36mprism-cfscript.min-D1hGvQyV.js                  [39m[1m[2m    1.72 kB[22m[1m[22m[2m │ gzip:     0.99 kB[22m
[2m../../../../build/out/renderer/[22m[2massets/[22m[36mprism-vbnet-CoHdIOLj.js                         [39m[1m[2m    1.73 kB[22m[1m[22m[2m │ gzip:     1.02 kB[22m
[2m../../../../build/out/renderer/[22m[2massets/[22m[36mprism-vbnet.min-CoHdIOLj.js                     [39m[1m[2m    1.73 kB[22m[1m[22m[2m │ gzip:     1.02 kB[22m
[2m../../../../build/out/renderer/[22m[2massets/[22m[36mprism-csp-CHXFfl0y.js                           [39m[1m[2m    1.73 kB[22m[1m[22m[2m │ gzip:     0.92 kB[22m
[2m../../../../build/out/renderer/[22m[2massets/[22m[36mprism-asmatmel-ju_ymn0z.js                      [39m[1m[2m    1.74 kB[22m[1m[22m[2m │ gzip:     1.03 kB[22m
[2m../../../../build/out/renderer/[22m[2massets/[22m[36mprism-asmatmel.min-ju_ymn0z.js                  [39m[1m[2m    1.74 kB[22m[1m[22m[2m │ gzip:     1.03 kB[22m
[2m../../../../build/out/renderer/[22m[2massets/[22m[36mprism-peoplecode-DHfRUWUW.js                    [39m[1m[2m    1.75 kB[22m[1m[22m[2m │ gzip:     0.99 kB[22m
[2m../../../../build/out/renderer/[22m[2massets/[22m[36mprism-naniscript.min-DqBxQcON.js                [39m[1m[2m    1.78 kB[22m[1m[22m[2m │ gzip:     0.80 kB[22m
[2m../../../../build/out/renderer/[22m[2massets/[22m[36mprism-bicep-D5CUClgp.js                         [39m[1m[2m    1.79 kB[22m[1m[22m[2m │ gzip:     0.90 kB[22m
[2m../../../../build/out/renderer/[22m[2massets/[22m[36mprism-bicep.min-D7yXfGLl.js                     [39m[1m[2m    1.79 kB[22m[1m[22m[2m │ gzip:     0.90 kB[22m
[2m../../../../build/out/renderer/[22m[2massets/[22m[36mprism-naniscript-CnxXmxMq.js                    [39m[1m[2m    1.79 kB[22m[1m[22m[2m │ gzip:     0.80 kB[22m
[2m../../../../build/out/renderer/[22m[2massets/[22m[36mprism-unrealscript-Dlu2WZ0j.js                  [39m[1m[2m    1.79 kB[22m[1m[22m[2m │ gzip:     0.95 kB[22m
[2m../../../../build/out/renderer/[22m[2massets/[22m[36mprism-unrealscript.min-Byeat5qX.js              [39m[1m[2m    1.79 kB[22m[1m[22m[2m │ gzip:     0.95 kB[22m
[2m../../../../build/out/renderer/[22m[2massets/[22m[36mprism-typescript-Q7STv89I.js                    [39m[1m[2m    1.79 kB[22m[1m[22m[2m │ gzip:     0.87 kB[22m
[2m../../../../build/out/renderer/[22m[2massets/[22m[36mprism-typescript.min-BN50pf3Y.js                [39m[1m[2m    1.79 kB[22m[1m[22m[2m │ gzip:     0.87 kB[22m
[2m../../../../build/out/renderer/[22m[2massets/[22m[36mprism-n1ql-Ct0CqwWO.js                          [39m[1m[2m    1.80 kB[22m[1m[22m[2m │ gzip:     1.10 kB[22m
[2m../../../../build/out/renderer/[22m[2massets/[22m[36mprism-n1ql.min-Ct0CqwWO.js                      [39m[1m[2m    1.80 kB[22m[1m[22m[2m │ gzip:     1.10 kB[22m
[2m../../../../build/out/renderer/[22m[2massets/[22m[36mprism-crystal-BbNz7gIl.js                       [39m[1m[2m    1.81 kB[22m[1m[22m[2m │ gzip:     1.06 kB[22m
[2m../../../../build/out/renderer/[22m[2massets/[22m[36mprism-crystal.min-ng-huqPc.js                   [39m[1m[2m    1.81 kB[22m[1m[22m[2m │ gzip:     1.06 kB[22m
[2m../../../../build/out/renderer/[22m[2massets/[22m[36mprism-ftl-_h--Vh7G.js                           [39m[1m[2m    1.81 kB[22m[1m[22m[2m │ gzip:     0.79 kB[22m
[2m../../../../build/out/renderer/[22m[2massets/[22m[36mprism-ftl.min-ZboT0YLw.js                       [39m[1m[2m    1.82 kB[22m[1m[22m[2m │ gzip:     0.81 kB[22m
[2m../../../../build/out/renderer/[22m[2massets/[22m[36mprism-basic-DTxXjhPD.js                         [39m[1m[2m    1.83 kB[22m[1m[22m[2m │ gzip:     1.13 kB[22m
[2m../../../../build/out/renderer/[22m[2massets/[22m[36mprism-basic.min-DTxXjhPD.js                     [39m[1m[2m    1.83 kB[22m[1m[22m[2m │ gzip:     1.13 kB[22m
[2m../../../../build/out/renderer/[22m[2massets/[22m[36mprism-scss-DVx3gVbe.js                          [39m[1m[2m    1.84 kB[22m[1m[22m[2m │ gzip:     0.93 kB[22m
[2m../../../../build/out/renderer/[22m[2massets/[22m[36mprism-scss.min-ukt9FKJg.js                      [39m[1m[2m    1.84 kB[22m[1m[22m[2m │ gzip:     0.93 kB[22m
[2m../../../../build/out/renderer/[22m[2massets/[22m[36mprism-http.min-Dfp6-w9P.js                      [39m[1m[2m    1.86 kB[22m[1m[22m[2m │ gzip:     0.87 kB[22m
[2m../../../../build/out/renderer/[22m[2massets/[22m[36mprism-typoscript-DUpPWfqd.js                    [39m[1m[2m    1.88 kB[22m[1m[22m[2m │ gzip:     1.04 kB[22m
[2m../../../../build/out/renderer/[22m[2massets/[22m[36mprism-typoscript.min-DsYsb-CD.js                [39m[1m[2m    1.88 kB[22m[1m[22m[2m │ gzip:     1.04 kB[22m
[2m../../../../build/out/renderer/[22m[2massets/[22m[36mchunk-ND2GUHAM-CCDfpwvK.js                      [39m[1m[2m    1.88 kB[22m[1m[22m[2m │ gzip:     0.83 kB[22m
[2m../../../../build/out/renderer/[22m[2massets/[22m[36mprism-hcl-CqFqbLuf.js                           [39m[1m[2m    1.89 kB[22m[1m[22m[2m │ gzip:     0.90 kB[22m
[2m../../../../build/out/renderer/[22m[2massets/[22m[36mprism-hcl.min-WXtn98IY.js                       [39m[1m[2m    1.89 kB[22m[1m[22m[2m │ gzip:     0.90 kB[22m
[2m../../../../build/out/renderer/[22m[2massets/[22m[36mprism-xeora-CpkWYn0b.js                         [39m[1m[2m    1.89 kB[22m[1m[22m[2m │ gzip:     0.57 kB[22m
[2m../../../../build/out/renderer/[22m[2massets/[22m[36mprism-xeora.min-DHYvteOV.js                     [39m[1m[2m    1.89 kB[22m[1m[22m[2m │ gzip:     0.57 kB[22m
[2m../../../../build/out/renderer/[22m[2massets/[22m[36mprism-c-BI05wwL9.js                             [39m[1m[2m    1.89 kB[22m[1m[22m[2m │ gzip:     0.97 kB[22m
[2m../../../../build/out/renderer/[22m[2massets/[22m[36mprism-c.min-BXnsZods.js                         [39m[1m[2m    1.89 kB[22m[1m[22m[2m │ gzip:     0.97 kB[22m
[2m../../../../build/out/renderer/[22m[2massets/[22m[36mprism-visual-basic-BiTqmF9b.js                  [39m[1m[2m    1.90 kB[22m[1m[22m[2m │ gzip:     1.09 kB[22m
[2m../../../../build/out/renderer/[22m[2massets/[22m[36mprism-visual-basic.min-KpzT1hVY.js              [39m[1m[2m    1.90 kB[22m[1m[22m[2m │ gzip:     1.09 kB[22m
[2m../../../../build/out/renderer/[22m[2massets/[22m[36mprism-kotlin-B1uvbSyh.js                        [39m[1m[2m    1.92 kB[22m[1m[22m[2m │ gzip:     0.95 kB[22m
[2m../../../../build/out/renderer/[22m[2massets/[22m[36mprism-kotlin.min-B1uvbSyh.js                    [39m[1m[2m    1.92 kB[22m[1m[22m[2m │ gzip:     0.95 kB[22m
[2m../../../../build/out/renderer/[22m[2massets/[22m[36mprism-http-C0oj0fpB.js                          [39m[1m[2m    1.93 kB[22m[1m[22m[2m │ gzip:     0.89 kB[22m
[2m../../../../build/out/renderer/[22m[2massets/[22m[36mprism-qsharp.min-B6psQcdE.js                    [39m[1m[2m    1.94 kB[22m[1m[22m[2m │ gzip:     1.03 kB[22m
[2m../../../../build/out/renderer/[22m[2massets/[22m[36mprism-yaml-Chm5ZdEN.js                          [39m[1m[2m    1.94 kB[22m[1m[22m[2m │ gzip:     0.87 kB[22m
[2m../../../../build/out/renderer/[22m[2massets/[22m[36mprism-yaml.min-BYMKxV25.js                      [39m[1m[2m    1.95 kB[22m[1m[22m[2m │ gzip:     0.87 kB[22m
[2m../../../../build/out/renderer/[22m[2massets/[22m[36mprism-powerquery-D9ykmZMa.js                    [39m[1m[2m    1.95 kB[22m[1m[22m[2m │ gzip:     1.02 kB[22m
[2m../../../../build/out/renderer/[22m[2massets/[22m[36mprism-powerquery.min-yJNyGzLj.js                [39m[1m[2m    1.95 kB[22m[1m[22m[2m │ gzip:     1.03 kB[22m
[2m../../../../build/out/renderer/[22m[2massets/[22m[36mprism-smarty.min-BCJirACx.js                    [39m[1m[2m    1.97 kB[22m[1m[22m[2m │ gzip:     0.90 kB[22m
[2m../../../../build/out/renderer/[22m[2massets/[22m[36mprism-jolie-BMvJ4CIM.js                         [39m[1m[2m    1.97 kB[22m[1m[22m[2m │ gzip:     1.10 kB[22m
[2m../../../../build/out/renderer/[22m[2massets/[22m[36mprism-jolie.min-BMvJ4CIM.js                     [39m[1m[2m    1.97 kB[22m[1m[22m[2m │ gzip:     1.10 kB[22m
[2m../../../../build/out/renderer/[22m[2massets/[22m[36mprism-smarty-D2zjNm9K.js                        [39m[1m[2m    1.99 kB[22m[1m[22m[2m │ gzip:     0.89 kB[22m
[2m../../../../build/out/renderer/[22m[2massets/[22m[36mprism-vala-DHYK7QxQ.js                          [39m[1m[2m    2.00 kB[22m[1m[22m[2m │ gzip:     0.99 kB[22m
[2m../../../../build/out/renderer/[22m[2massets/[22m[36mprism-vala.min-CJ8KWnKD.js                      [39m[1m[2m    2.00 kB[22m[1m[22m[2m │ gzip:     0.99 kB[22m
[2m../../../../build/out/renderer/[22m[2massets/[22m[36mprism-tcl-4_pwFT4f.js                           [39m[1m[2m    2.01 kB[22m[1m[22m[2m │ gzip:     1.16 kB[22m
[2m../../../../build/out/renderer/[22m[2massets/[22m[36mprism-tcl.min-4_pwFT4f.js                       [39m[1m[2m    2.01 kB[22m[1m[22m[2m │ gzip:     1.16 kB[22m
[2m../../../../build/out/renderer/[22m[2massets/[22m[36mprism-qsharp-DPErCRUW.js                        [39m[1m[2m    2.03 kB[22m[1m[22m[2m │ gzip:     1.06 kB[22m
[2m../../../../build/out/renderer/[22m[2massets/[22m[36mprism-javastacktrace-_XUvTAFy.js                [39m[1m[2m    2.04 kB[22m[1m[22m[2m │ gzip:     0.93 kB[22m
[2m../../../../build/out/renderer/[22m[2massets/[22m[36mprism-javastacktrace.min-DdAikwnb.js            [39m[1m[2m    2.04 kB[22m[1m[22m[2m │ gzip:     0.93 kB[22m
[2m../../../../build/out/renderer/[22m[2massets/[22m[36mprism-icu-message-format.min-Ca7LiLXN.js        [39m[1m[2m    2.06 kB[22m[1m[22m[2m │ gzip:     0.83 kB[22m
[2m../../../../build/out/renderer/[22m[2massets/[22m[36mprism-rescript-D8-xOSNV.js                      [39m[1m[2m    2.07 kB[22m[1m[22m[2m │ gzip:     1.11 kB[22m
[2m../../../../build/out/renderer/[22m[2massets/[22m[36mprism-rescript.min-DqP-bWNX.js                  [39m[1m[2m    2.07 kB[22m[1m[22m[2m │ gzip:     1.11 kB[22m
[2m../../../../build/out/renderer/[22m[2massets/[22m[36mprism-icu-message-format-D_2_YFWp.js            [39m[1m[2m    2.07 kB[22m[1m[22m[2m │ gzip:     0.83 kB[22m
[2m../../../../build/out/renderer/[22m[2massets/[22m[36mprism-maxscript.min-zP95MHmG.js                 [39m[1m[2m    2.08 kB[22m[1m[22m[2m │ gzip:     1.16 kB[22m
[2m../../../../build/out/renderer/[22m[2massets/[22m[36mprism-mermaid-B4PT3gsS.js                       [39m[1m[2m    2.08 kB[22m[1m[22m[2m │ gzip:     0.92 kB[22m
[2m../../../../build/out/renderer/[22m[2massets/[22m[36mprism-mermaid.min-B4PT3gsS.js                   [39m[1m[2m    2.08 kB[22m[1m[22m[2m │ gzip:     0.92 kB[22m
[2m../../../../build/out/renderer/[22m[2massets/[22m[36mprism-liquid-DSEZJDYy.js                        [39m[1m[2m    2.09 kB[22m[1m[22m[2m │ gzip:     1.08 kB[22m
[2m../../../../build/out/renderer/[22m[2massets/[22m[36mprism-liquid.min-CU9yaRGT.js                    [39m[1m[2m    2.10 kB[22m[1m[22m[2m │ gzip:     1.08 kB[22m
[2m../../../../build/out/renderer/[22m[2massets/[22m[36mprism-cil-BxukyDli.js                           [39m[1m[2m    2.11 kB[22m[1m[22m[2m │ gzip:     1.13 kB[22m
[2m../../../../build/out/renderer/[22m[2massets/[22m[36mprism-cil.min-BxukyDli.js                       [39m[1m[2m    2.11 kB[22m[1m[22m[2m │ gzip:     1.13 kB[22m
[2m../../../../build/out/renderer/[22m[2massets/[22m[36mprism-web-idl.min-D1yEJQV_.js                   [39m[1m[2m    2.12 kB[22m[1m[22m[2m │ gzip:     0.97 kB[22m
[2m../../../../build/out/renderer/[22m[2massets/[22m[36mprism-powershell-Ud14i9UV.js                    [39m[1m[2m    2.14 kB[22m[1m[22m[2m │ gzip:     1.27 kB[22m
[2m../../../../build/out/renderer/[22m[2massets/[22m[36mprism-powershell.min-Ud14i9UV.js                [39m[1m[2m    2.14 kB[22m[1m[22m[2m │ gzip:     1.27 kB[22m
[2m../../../../build/out/renderer/[22m[2massets/[22m[36mprism-maxscript-CR1rSC3r.js                     [39m[1m[2m    2.17 kB[22m[1m[22m[2m │ gzip:     1.17 kB[22m
[2m../../../../build/out/renderer/[22m[2massets/[22m[36mprism-web-idl-PGjnr8vV.js                       [39m[1m[2m    2.23 kB[22m[1m[22m[2m │ gzip:     0.99 kB[22m
[2m../../../../build/out/renderer/[22m[2massets/[22m[36mprism-haml.min-B1Y1UcBR.js                      [39m[1m[2m    2.23 kB[22m[1m[22m[2m │ gzip:     0.82 kB[22m
[2m../../../../build/out/renderer/[22m[2massets/[22m[36mprism-haml-0XNbyJci.js                          [39m[1m[2m    2.23 kB[22m[1m[22m[2m │ gzip:     0.82 kB[22m
[2m../../../../build/out/renderer/[22m[2massets/[22m[36mprism-applescript-Ds-pZkwr.js                   [39m[1m[2m    2.27 kB[22m[1m[22m[2m │ gzip:     1.28 kB[22m
[2m../../../../build/out/renderer/[22m[2massets/[22m[36mprism-applescript.min-8syOSPEe.js               [39m[1m[2m    2.27 kB[22m[1m[22m[2m │ gzip:     1.28 kB[22m
[2m../../../../build/out/renderer/[22m[2massets/[22m[36mprism-zig.min-BjVLmvSr.js                       [39m[1m[2m    2.32 kB[22m[1m[22m[2m │ gzip:     1.20 kB[22m
[2m../../../../build/out/renderer/[22m[2massets/[22m[36mprism-plant-uml--Tf_zcc6.js                     [39m[1m[2m    2.32 kB[22m[1m[22m[2m │ gzip:     1.17 kB[22m
[2m../../../../build/out/renderer/[22m[2massets/[22m[36mprism-zig-CN7ohWT3.js                           [39m[1m[2m    2.32 kB[22m[1m[22m[2m │ gzip:     1.21 kB[22m
[2m../../../../build/out/renderer/[22m[2massets/[22m[36mprism-elixir-B2mPSkFq.js                        [39m[1m[2m    2.34 kB[22m[1m[22m[2m │ gzip:     1.17 kB[22m
[2m../../../../build/out/renderer/[22m[2massets/[22m[36mprism-elixir.min-DKNZI2xz.js                    [39m[1m[2m    2.35 kB[22m[1m[22m[2m │ gzip:     1.18 kB[22m
[2m../../../../build/out/renderer/[22m[2massets/[22m[36mprism-v-PaK3h5UO.js                             [39m[1m[2m    2.38 kB[22m[1m[22m[2m │ gzip:     1.29 kB[22m
[2m../../../../build/out/renderer/[22m[2massets/[22m[36mprism-v.min-DlQHF7Qq.js                         [39m[1m[2m    2.38 kB[22m[1m[22m[2m │ gzip:     1.29 kB[22m
[2m../../../../build/out/renderer/[22m[2massets/[22m[36mprism-jsx.min-BkGQvWLg.js                       [39m[1m[2m    2.39 kB[22m[1m[22m[2m │ gzip:     0.97 kB[22m
[2m../../../../build/out/renderer/[22m[2massets/[22m[36mprism-uorazor-CSPnCImb.js                       [39m[1m[2m    2.39 kB[22m[1m[22m[2m │ gzip:     1.21 kB[22m
[2m../../../../build/out/renderer/[22m[2massets/[22m[36mprism-uorazor.min-CSPnCImb.js                   [39m[1m[2m    2.39 kB[22m[1m[22m[2m │ gzip:     1.21 kB[22m
[2m../../../../build/out/renderer/[22m[2massets/[22m[36mprism-concurnas-CizIwyL4.js                     [39m[1m[2m    2.39 kB[22m[1m[22m[2m │ gzip:     1.25 kB[22m
[2m../../../../build/out/renderer/[22m[2massets/[22m[36mprism-concurnas.min-CizIwyL4.js                 [39m[1m[2m    2.39 kB[22m[1m[22m[2m │ gzip:     1.25 kB[22m
[2m../../../../build/out/renderer/[22m[2massets/[22m[36mprism-pascal-Cg3aopN7.js                        [39m[1m[2m    2.41 kB[22m[1m[22m[2m │ gzip:     1.29 kB[22m
[2m../../../../build/out/renderer/[22m[2massets/[22m[36mprism-pascal.min-CKTQZc3E.js                    [39m[1m[2m    2.41 kB[22m[1m[22m[2m │ gzip:     1.29 kB[22m
[2m../../../../build/out/renderer/[22m[2massets/[22m[36mprism-jsx-BFrjWriI.js                           [39m[1m[2m    2.42 kB[22m[1m[22m[2m │ gzip:     0.96 kB[22m
[2m../../../../build/out/renderer/[22m[2massets/[22m[36mprism-livescript-DySjrr0m.js                    [39m[1m[2m    2.46 kB[22m[1m[22m[2m │ gzip:     1.24 kB[22m
[2m../../../../build/out/renderer/[22m[2massets/[22m[36mprism-livescript.min-OKZ6_eQh.js                [39m[1m[2m    2.46 kB[22m[1m[22m[2m │ gzip:     1.24 kB[22m
[2m../../../../build/out/renderer/[22m[2massets/[22m[36mprism-nevod-BaVaMOqB.js                         [39m[1m[2m    2.47 kB[22m[1m[22m[2m │ gzip:     1.06 kB[22m
[2m../../../../build/out/renderer/[22m[2massets/[22m[36mprism-nevod.min-CK--bN2o.js                     [39m[1m[2m    2.47 kB[22m[1m[22m[2m │ gzip:     1.06 kB[22m
[2m../../../../build/out/renderer/[22m[2massets/[22m[36mprism-plant-uml.min-CYIKmX-6.js                 [39m[1m[2m    2.48 kB[22m[1m[22m[2m │ gzip:     1.13 kB[22m
[2m../../../../build/out/renderer/[22m[2massets/[22m[36mprism-log.min-HRon88ns.js                       [39m[1m[2m    2.50 kB[22m[1m[22m[2m │ gzip:     1.16 kB[22m
[2m../../../../build/out/renderer/[22m[2massets/[22m[36mprism-log-DNsUgrn8.js                           [39m[1m[2m    2.52 kB[22m[1m[22m[2m │ gzip:     1.17 kB[22m
[2m../../../../build/out/renderer/[22m[2massets/[22m[36mprism-graphql.min-B2VS1Zos.js                   [39m[1m[2m    2.53 kB[22m[1m[22m[2m │ gzip:     1.16 kB[22m
[2m../../../../build/out/renderer/[22m[2massets/[22m[36mprism-graphql-DJ177lJj.js                       [39m[1m[2m    2.53 kB[22m[1m[22m[2m │ gzip:     1.16 kB[22m
[2m../../../../build/out/renderer/[22m[2massets/[22m[36mprism-moonscript-CzSi0IxP.js                    [39m[1m[2m    2.55 kB[22m[1m[22m[2m │ gzip:     1.39 kB[22m
[2m../../../../build/out/renderer/[22m[2massets/[22m[36mprism-moonscript.min-3utleBwc.js                [39m[1m[2m    2.55 kB[22m[1m[22m[2m │ gzip:     1.39 kB[22m
[2m../../../../build/out/renderer/[22m[2massets/[22m[36mprism-cshtml.min-BY8qC_OG.js                    [39m[1m[2m    2.57 kB[22m[1m[22m[2m │ gzip:     1.18 kB[22m
[2m../../../../build/out/renderer/[22m[2massets/[22m[36mprism-apex-DvFP4aEC.js                          [39m[1m[2m    2.58 kB[22m[1m[22m[2m │ gzip:     1.40 kB[22m
[2m../../../../build/out/renderer/[22m[2massets/[22m[36mprism-apex.min-B39RlGH7.js                      [39m[1m[2m    2.58 kB[22m[1m[22m[2m │ gzip:     1.41 kB[22m
[2m../../../../build/out/renderer/[22m[2massets/[22m[36mprism-verilog-zUYZ1g_x.js                       [39m[1m[2m    2.60 kB[22m[1m[22m[2m │ gzip:     1.41 kB[22m
[2m../../../../build/out/renderer/[22m[2massets/[22m[36mprism-verilog.min-zUYZ1g_x.js                   [39m[1m[2m    2.60 kB[22m[1m[22m[2m │ gzip:     1.41 kB[22m
[2m../../../../build/out/renderer/[22m[2massets/[22m[36mprism-python-q27tfF40.js                        [39m[1m[2m    2.61 kB[22m[1m[22m[2m │ gzip:     1.39 kB[22m
[2m../../../../build/out/renderer/[22m[2massets/[22m[36mprism-python.min-Muv-5Tby.js                    [39m[1m[2m    2.61 kB[22m[1m[22m[2m │ gzip:     1.39 kB[22m
[2m../../../../build/out/renderer/[22m[2massets/[22m[36mprism-fsharp-kab1VoCL.js                        [39m[1m[2m    2.62 kB[22m[1m[22m[2m │ gzip:     1.42 kB[22m
[2m../../../../build/out/renderer/[22m[2massets/[22m[36mprism-fsharp.min-B8Wuptwb.js                    [39m[1m[2m    2.62 kB[22m[1m[22m[2m │ gzip:     1.42 kB[22m
[2m../../../../build/out/renderer/[22m[2massets/[22m[36mprism-al-K2gSf0OB.js                            [39m[1m[2m    2.62 kB[22m[1m[22m[2m │ gzip:     1.31 kB[22m
[2m../../../../build/out/renderer/[22m[2massets/[22m[36mprism-al.min-K2gSf0OB.js                        [39m[1m[2m    2.62 kB[22m[1m[22m[2m │ gzip:     1.31 kB[22m
[2m../../../../build/out/renderer/[22m[2massets/[22m[36mprism-d.min-CbVg7g6p.js                         [39m[1m[2m    2.67 kB[22m[1m[22m[2m │ gzip:     1.57 kB[22m
[2m../../../../build/out/renderer/[22m[2massets/[22m[36mprism-perl.min-CYouMUkA.js                      [39m[1m[2m    2.68 kB[22m[1m[22m[2m │ gzip:     1.32 kB[22m
[2m../../../../build/out/renderer/[22m[2massets/[22m[36mprism-perl-CBYhW0qC.js                          [39m[1m[2m    2.73 kB[22m[1m[22m[2m │ gzip:     1.32 kB[22m
[2m../../../../build/out/renderer/[22m[2massets/[22m[36mprism-plsql-DKiA3TVH.js                         [39m[1m[2m    2.74 kB[22m[1m[22m[2m │ gzip:     1.50 kB[22m
[2m../../../../build/out/renderer/[22m[2massets/[22m[36mprism-plsql.min-Dnkhro_z.js                     [39m[1m[2m    2.74 kB[22m[1m[22m[2m │ gzip:     1.50 kB[22m
[2m../../../../build/out/renderer/[22m[2massets/[22m[36mprism-d-Dd-l4nis.js                             [39m[1m[2m    2.74 kB[22m[1m[22m[2m │ gzip:     1.57 kB[22m
[2m../../../../build/out/renderer/[22m[2massets/[22m[36mdiagram-5GNKFQAL-B-q7f6TK.js                    [39m[1m[2m    2.79 kB[22m[1m[22m[2m │ gzip:     1.39 kB[22m
[2m../../../../build/out/renderer/[22m[2massets/[22m[36mprism-purescript-D1V0YsH5.js                    [39m[1m[2m    2.81 kB[22m[1m[22m[2m │ gzip:     1.49 kB[22m
[2m../../../../build/out/renderer/[22m[2massets/[22m[36mprism-purescript.min-DtaIISt3.js                [39m[1m[2m    2.81 kB[22m[1m[22m[2m │ gzip:     1.49 kB[22m
[2m../../../../build/out/renderer/[22m[2massets/[22m[36mprism-pug.min-BHwmtwH7.js                       [39m[1m[2m    2.82 kB[22m[1m[22m[2m │ gzip:     1.01 kB[22m
[2m../../../../build/out/renderer/[22m[2massets/[22m[36mprism-pug-B5Cj-9zp.js                           [39m[1m[2m    2.83 kB[22m[1m[22m[2m │ gzip:     0.99 kB[22m
[2m../../../../build/out/renderer/[22m[2massets/[22m[36mprism-markup.min-JPTbCtzR.js                    [39m[1m[2m    2.85 kB[22m[1m[22m[2m │ gzip:     1.06 kB[22m
[2m../../../../build/out/renderer/[22m[2massets/[22m[36mprism-markup-Bufj6vtu.js                        [39m[1m[2m    2.86 kB[22m[1m[22m[2m │ gzip:     1.06 kB[22m
[2m../../../../build/out/renderer/[22m[2massets/[22m[36mprism-swift.min-B9Mpc-T_.js                     [39m[1m[2m    2.93 kB[22m[1m[22m[2m │ gzip:     1.31 kB[22m
[2m../../../../build/out/renderer/[22m[2massets/[22m[36mprism-js-extras-lAA42a0S.js                     [39m[1m[2m    2.95 kB[22m[1m[22m[2m │ gzip:     1.28 kB[22m
[2m../../../../build/out/renderer/[22m[2massets/[22m[36mprism-purebasic-D7OEsVaC.js                     [39m[1m[2m    2.96 kB[22m[1m[22m[2m │ gzip:     1.45 kB[22m
[2m../../../../build/out/renderer/[22m[2massets/[22m[36mprism-purebasic.min-DYoMYgA9.js                 [39m[1m[2m    2.96 kB[22m[1m[22m[2m │ gzip:     1.45 kB[22m
[2m../../../../build/out/renderer/[22m[2massets/[22m[36mprism-js-extras.min-D2Tpp_5i.js                 [39m[1m[2m    2.96 kB[22m[1m[22m[2m │ gzip:     1.28 kB[22m
[2m../../../../build/out/renderer/[22m[2massets/[22m[36mprism-rust.min-fbONtgPM.js                      [39m[1m[2m    2.97 kB[22m[1m[22m[2m │ gzip:     1.47 kB[22m
[2m../../../../build/out/renderer/[22m[2massets/[22m[36mprism-rust-D4X3XHFj.js                          [39m[1m[2m    2.99 kB[22m[1m[22m[2m │ gzip:     1.47 kB[22m
[2m../../../../build/out/renderer/[22m[2massets/[22m[36mprism-swift--kriB360.js                         [39m[1m[2m    3.03 kB[22m[1m[22m[2m │ gzip:     1.33 kB[22m
[2m../../../../build/out/renderer/[22m[2massets/[22m[36mprism-puppet-dBg5iz8F.js                        [39m[1m[2m    3.04 kB[22m[1m[22m[2m │ gzip:     1.39 kB[22m
[2m../../../../build/out/renderer/[22m[2massets/[22m[36mprism-puppet.min-CT-vNk8w.js                    [39m[1m[2m    3.04 kB[22m[1m[22m[2m │ gzip:     1.39 kB[22m
[2m../../../../build/out/renderer/[22m[2massets/[22m[36mprism-coq-CDPQb-Hl.js                           [39m[1m[2m    3.04 kB[22m[1m[22m[2m │ gzip:     1.64 kB[22m
[2m../../../../build/out/renderer/[22m[2massets/[22m[36mprism-coq.min-DvRoo_0q.js                       [39m[1m[2m    3.04 kB[22m[1m[22m[2m │ gzip:     1.65 kB[22m
[2m../../../../build/out/renderer/[22m[2massets/[22m[36mprism-clojure-u3w_tjfy.js                       [39m[1m[2m    3.05 kB[22m[1m[22m[2m │ gzip:     1.51 kB[22m
[2m../../../../build/out/renderer/[22m[2massets/[22m[36mprism-clojure.min-u3w_tjfy.js                   [39m[1m[2m    3.05 kB[22m[1m[22m[2m │ gzip:     1.51 kB[22m
[2m../../../../build/out/renderer/[22m[2massets/[22m[36mprism-lisp.min-DfHli2tW.js                      [39m[1m[2m    3.08 kB[22m[1m[22m[2m │ gzip:     1.31 kB[22m
[2m../../../../build/out/renderer/[22m[2massets/[22m[36mprism-js-templates.min-DnOZbxH6.js              [39m[1m[2m    3.09 kB[22m[1m[22m[2m │ gzip:     1.50 kB[22m
[2m../../../../build/out/renderer/[22m[2massets/[22m[36mprism-cpp.min-_FDFmd0S.js                       [39m[1m[2m    3.09 kB[22m[1m[22m[2m │ gzip:     1.52 kB[22m
[2m../../../../build/out/renderer/[22m[2massets/[22m[36mprism-cpp-CAvM6dhy.js                           [39m[1m[2m    3.12 kB[22m[1m[22m[2m │ gzip:     1.51 kB[22m
[2m../../../../build/out/renderer/[22m[2massets/[22m[36mprism-js-templates-Cbkdea0W.js                  [39m[1m[2m    3.12 kB[22m[1m[22m[2m │ gzip:     1.50 kB[22m
[2m../../../../build/out/renderer/[22m[2massets/[22m[36mprism-lisp-kLjhdGzY.js                          [39m[1m[2m    3.15 kB[22m[1m[22m[2m │ gzip:     1.35 kB[22m
[2m../../../../build/out/renderer/[22m[2massets/[22m[36mprism-psl-D6AquyZu.js                           [39m[1m[2m    3.18 kB[22m[1m[22m[2m │ gzip:     1.66 kB[22m
[2m../../../../build/out/renderer/[22m[2massets/[22m[36mprism-psl.min-D6AquyZu.js                       [39m[1m[2m    3.18 kB[22m[1m[22m[2m │ gzip:     1.66 kB[22m
[2m../../../../build/out/renderer/[22m[2massets/[22m[36mprism-css-extras-CWLnJh6n.js                    [39m[1m[2m    3.26 kB[22m[1m[22m[2m │ gzip:     1.49 kB[22m
[2m../../../../build/out/renderer/[22m[2massets/[22m[36mprism-css-extras.min-dFEpEb01.js                [39m[1m[2m    3.26 kB[22m[1m[22m[2m │ gzip:     1.49 kB[22m
[2m../../../../build/out/renderer/[22m[2massets/[22m[36mprism-sql-AgAyy5H_.js                           [39m[1m[2m    3.26 kB[22m[1m[22m[2m │ gzip:     1.85 kB[22m
[2m../../../../build/out/renderer/[22m[2massets/[22m[36mprism-sql.min-AgAyy5H_.js                       [39m[1m[2m    3.26 kB[22m[1m[22m[2m │ gzip:     1.85 kB[22m
[2m../../../../build/out/renderer/[22m[2massets/[22m[36mprism-java.min-DANP8N8u.js                      [39m[1m[2m    3.27 kB[22m[1m[22m[2m │ gzip:     1.52 kB[22m
[2m../../../../build/out/renderer/[22m[2massets/[22m[36mprism-java-B0HoxW-2.js                          [39m[1m[2m    3.31 kB[22m[1m[22m[2m │ gzip:     1.51 kB[22m
[2m../../../../build/out/renderer/[22m[2massets/[22m[36mprism-inform7-DQylqFRC.js                       [39m[1m[2m    3.35 kB[22m[1m[22m[2m │ gzip:     1.50 kB[22m
[2m../../../../build/out/renderer/[22m[2massets/[22m[36mprism-inform7.min-BDdnUldv.js                   [39m[1m[2m    3.35 kB[22m[1m[22m[2m │ gzip:     1.50 kB[22m
[2m../../../../build/out/renderer/[22m[2massets/[22m[36mprism-textile.min-CiDC9wWk.js                   [39m[1m[2m    3.40 kB[22m[1m[22m[2m │ gzip:     1.19 kB[22m
[2m../../../../build/out/renderer/[22m[2massets/[22m[36mprism-mongodb.min-CxcOXmF9.js                   [39m[1m[2m    3.42 kB[22m[1m[22m[2m │ gzip:     1.53 kB[22m
[2m../../../../build/out/renderer/[22m[2massets/[22m[36marc-H9JtFrwt.js                                 [39m[1m[2m    3.42 kB[22m[1m[22m[2m │ gzip:     1.47 kB[22m
[2m../../../../build/out/renderer/[22m[2massets/[22m[36mprism-mongodb-DZQkpe2U.js                       [39m[1m[2m    3.43 kB[22m[1m[22m[2m │ gzip:     1.53 kB[22m
[2m../../../../build/out/renderer/[22m[2massets/[22m[36mprism-pure.min-DAPWfW4V.js                      [39m[1m[2m    3.43 kB[22m[1m[22m[2m │ gzip:     1.70 kB[22m
[2m../../../../build/out/renderer/[22m[2massets/[22m[36mprism-dax-DudSg30r.js                           [39m[1m[2m    3.44 kB[22m[1m[22m[2m │ gzip:     1.65 kB[22m
[2m../../../../build/out/renderer/[22m[2massets/[22m[36mprism-dax.min-DudSg30r.js                       [39m[1m[2m    3.44 kB[22m[1m[22m[2m │ gzip:     1.65 kB[22m
[2m../../../../build/out/renderer/[22m[2massets/[22m[36mprism-wgsl-CAaiST05.js                          [39m[1m[2m    3.45 kB[22m[1m[22m[2m │ gzip:     1.50 kB[22m
[2m../../../../build/out/renderer/[22m[2massets/[22m[36mprism-wgsl.min-CAaiST05.js                      [39m[1m[2m    3.45 kB[22m[1m[22m[2m │ gzip:     1.50 kB[22m
[2m../../../../build/out/renderer/[22m[2massets/[22m[36mprism-pure-EOyfNGKo.js                          [39m[1m[2m    3.45 kB[22m[1m[22m[2m │ gzip:     1.71 kB[22m
[2m../../../../build/out/renderer/[22m[2massets/[22m[36mprism-haskell-DfYieTix.js                       [39m[1m[2m    3.47 kB[22m[1m[22m[2m │ gzip:     1.86 kB[22m
[2m../../../../build/out/renderer/[22m[2massets/[22m[36mprism-haskell.min-BMKVFNOd.js                   [39m[1m[2m    3.47 kB[22m[1m[22m[2m │ gzip:     1.86 kB[22m
[2m../../../../build/out/renderer/[22m[2massets/[22m[36mprism-cshtml-DygBQG2G.js                        [39m[1m[2m    3.49 kB[22m[1m[22m[2m │ gzip:     1.53 kB[22m
[2m../../../../build/out/renderer/[22m[2massets/[22m[36mprism-textile-PryW9CJd.js                       [39m[1m[2m    3.52 kB[22m[1m[22m[2m │ gzip:     1.17 kB[22m
[2m../../../../build/out/renderer/[22m[2massets/[22m[36mprism-rest-Cv9ZKW_h.js                          [39m[1m[2m    3.54 kB[22m[1m[22m[2m │ gzip:     1.08 kB[22m
[2m../../../../build/out/renderer/[22m[2massets/[22m[36mprism-rest.min-Cv9ZKW_h.js                      [39m[1m[2m    3.54 kB[22m[1m[22m[2m │ gzip:     1.08 kB[22m
[2m../../../../build/out/renderer/[22m[2massets/[22m[36mprism-arturo.min-JjEeZAiz.js                    [39m[1m[2m    3.62 kB[22m[1m[22m[2m │ gzip:     1.92 kB[22m
[2m../../../../build/out/renderer/[22m[2massets/[22m[36mprism-arturo-CcvzkcXX.js                        [39m[1m[2m    3.64 kB[22m[1m[22m[2m │ gzip:     1.93 kB[22m
[2m../../../../build/out/renderer/[22m[2massets/[22m[36mprism-stylus-Eax_o2yj.js                        [39m[1m[2m    3.73 kB[22m[1m[22m[2m │ gzip:     1.63 kB[22m
[2m../../../../build/out/renderer/[22m[2massets/[22m[36mprism-stylus.min-Eax_o2yj.js                    [39m[1m[2m    3.73 kB[22m[1m[22m[2m │ gzip:     1.63 kB[22m
[2m../../../../build/out/renderer/[22m[2massets/[22m[36mprism-nsis-BHjr9BLQ.js                          [39m[1m[2m    3.78 kB[22m[1m[22m[2m │ gzip:     2.08 kB[22m
[2m../../../../build/out/renderer/[22m[2massets/[22m[36mprism-nsis.min-BHjr9BLQ.js                      [39m[1m[2m    3.78 kB[22m[1m[22m[2m │ gzip:     2.08 kB[22m
[2m../../../../build/out/renderer/[22m[2massets/[22m[36mprism-arduino-B7pBTGwW.js                       [39m[1m[2m    3.93 kB[22m[1m[22m[2m │ gzip:     1.91 kB[22m
[2m../../../../build/out/renderer/[22m[2massets/[22m[36mprism-arduino.min-0b3TZ5uL.js                   [39m[1m[2m    3.93 kB[22m[1m[22m[2m │ gzip:     1.91 kB[22m
[2m../../../../build/out/renderer/[22m[2massets/[22m[36mprism-scheme.min-Ct8Z5Mrf.js                    [39m[1m[2m    3.97 kB[22m[1m[22m[2m │ gzip:     1.65 kB[22m
[2m../../../../build/out/renderer/[22m[2massets/[22m[36mprism-ruby.min-DU75ahK9.js                      [39m[1m[2m    4.01 kB[22m[1m[22m[2m │ gzip:     1.78 kB[22m
[2m../../../../build/out/renderer/[22m[2massets/[22m[36mprism-scheme-C-I0-YuB.js                        [39m[1m[2m    4.03 kB[22m[1m[22m[2m │ gzip:     1.65 kB[22m
[2m../../../../build/out/renderer/[22m[2massets/[22m[36mprism-ruby-Chk--cvQ.js                          [39m[1m[2m    4.06 kB[22m[1m[22m[2m │ gzip:     1.77 kB[22m
[2m../../../../build/out/renderer/[22m[2massets/[22m[36mmuya_wasm-CtzVxXKM.js                           [39m[1m[2m    4.13 kB[22m[1m[22m[2m │ gzip:     1.72 kB[22m
[2m../../../../build/out/renderer/[22m[2massets/[22m[36mdiagram-LMA3HP47-Cxzji28K.js                    [39m[1m[2m    4.24 kB[22m[1m[22m[2m │ gzip:     1.85 kB[22m
[2m../../../../build/out/renderer/[22m[2massets/[22m[36mprism-xquery.min-CPocBA_G.js                    [39m[1m[2m    4.42 kB[22m[1m[22m[2m │ gzip:     1.95 kB[22m
[2m../../../../build/out/renderer/[22m[2massets/[22m[36mprism-xquery-LyrujBZs.js                        [39m[1m[2m    4.42 kB[22m[1m[22m[2m │ gzip:     1.95 kB[22m
[2m../../../../build/out/renderer/[22m[2massets/[22m[36mprism-asciidoc-D4osZMJ_.js                      [39m[1m[2m    4.44 kB[22m[1m[22m[2m │ gzip:     1.63 kB[22m
[2m../../../../build/out/renderer/[22m[2massets/[22m[36mprism-asciidoc.min-B5O5cBCZ.js                  [39m[1m[2m    4.44 kB[22m[1m[22m[2m │ gzip:     1.63 kB[22m
[2m../../../../build/out/renderer/[22m[2massets/[22m[36mprism-metafont-B1AN7XvS.js                      [39m[1m[2m    4.50 kB[22m[1m[22m[2m │ gzip:     2.04 kB[22m
[2m../../../../build/out/renderer/[22m[2massets/[22m[36mprism-metafont.min-B1AN7XvS.js                  [39m[1m[2m    4.50 kB[22m[1m[22m[2m │ gzip:     2.04 kB[22m
[2m../../../../build/out/renderer/[22m[2massets/[22m[36mprism-javascript.min-C4fXx1jh.js                [39m[1m[2m    4.60 kB[22m[1m[22m[2m │ gzip:     1.65 kB[22m
[2m../../../../build/out/renderer/[22m[2massets/[22m[36mdefaultLocale-CX3T3CIQ.js                       [39m[1m[2m    4.70 kB[22m[1m[22m[2m │ gzip:     2.19 kB[22m
[2m../../../../build/out/renderer/[22m[2massets/[22m[36mprism-javascript-2LMHe_9g.js                    [39m[1m[2m    4.72 kB[22m[1m[22m[2m │ gzip:     1.67 kB[22m
[2m../../../../build/out/renderer/[22m[2massets/[22m[36mprism-renpy.min-CswLaLwJ.js                     [39m[1m[2m    4.78 kB[22m[1m[22m[2m │ gzip:     2.30 kB[22m
[2m../../../../build/out/renderer/[22m[2massets/[22m[36mprism-renpy-y1wHrlQY.js                         [39m[1m[2m    4.79 kB[22m[1m[22m[2m │ gzip:     2.30 kB[22m
[2m../../../../build/out/renderer/[22m[2massets/[22m[36mindex-DohIEGgQ.js                               [39m[1m[2m    4.86 kB[22m[1m[22m[2m │ gzip:     1.93 kB[22m
[2m../../../../build/out/renderer/[22m[2massets/[22m[36mprism-cobol-CImV5aEJ.js                         [39m[1m[2m    5.09 kB[22m[1m[22m[2m │ gzip:     2.39 kB[22m
[2m../../../../build/out/renderer/[22m[2massets/[22m[36mprism-cobol.min-CImV5aEJ.js                     [39m[1m[2m    5.09 kB[22m[1m[22m[2m │ gzip:     2.39 kB[22m
[2m../../../../build/out/renderer/[22m[2massets/[22m[36mprism-markdown.min-DUK61Gtl.js                  [39m[1m[2m    5.13 kB[22m[1m[22m[2m │ gzip:     2.00 kB[22m
[2m../../../../build/out/renderer/[22m[2massets/[22m[36mprism-markdown-4MKFcK2x.js                      [39m[1m[2m    5.24 kB[22m[1m[22m[2m │ gzip:     2.01 kB[22m
[2m../../../../build/out/renderer/[22m[2massets/[22m[36mpieDiagram-4H26LBE5-Cw8-I1x9.js                 [39m[1m[2m    5.31 kB[22m[1m[22m[2m │ gzip:     2.36 kB[22m
[2m../../../../build/out/renderer/[22m[2massets/[22m[36mprism-avisynth.min-ByEgKMwD.js                  [39m[1m[2m    5.57 kB[22m[1m[22m[2m │ gzip:     2.95 kB[22m
[2m../../../../build/out/renderer/[22m[2massets/[22m[36mprism-keepalived-DbUd_dQM.js                    [39m[1m[2m    5.65 kB[22m[1m[22m[2m │ gzip:     2.23 kB[22m
[2m../../../../build/out/renderer/[22m[2massets/[22m[36mprism-keepalived.min-uehvX2yz.js                [39m[1m[2m    5.67 kB[22m[1m[22m[2m │ gzip:     2.24 kB[22m
[2m../../../../build/out/renderer/[22m[2massets/[22m[36mprism-avisynth-BxXnUfJQ.js                      [39m[1m[2m    5.81 kB[22m[1m[22m[2m │ gzip:     2.96 kB[22m
[2m../../../../build/out/renderer/[22m[2massets/[22m[36mdiagram-2AECGRRQ-DoN0y_MV.js                    [39m[1m[2m    5.85 kB[22m[1m[22m[2m │ gzip:     2.48 kB[22m
[2m../../../../build/out/renderer/[22m[2massets/[22m[36mlinear-D0c6ir0p.js                              [39m[1m[2m    5.99 kB[22m[1m[22m[2m │ gzip:     2.46 kB[22m
[2m../../../../build/out/renderer/[22m[2massets/[22m[36mprism-bash-DTkDXsAh.js                          [39m[1m[2m    6.15 kB[22m[1m[22m[2m │ gzip:     3.04 kB[22m
[2m../../../../build/out/renderer/[22m[2massets/[22m[36mprism-bash.min-cl4oq_rS.js                      [39m[1m[2m    6.15 kB[22m[1m[22m[2m │ gzip:     3.04 kB[22m
[2m../../../../build/out/renderer/[22m[2massets/[22m[36mprism-csharp.min-CjrA6rib.js                    [39m[1m[2m    6.67 kB[22m[1m[22m[2m │ gzip:     2.77 kB[22m
[2m../../../../build/out/renderer/[22m[2massets/[22m[36mgraph-Blckf7ST.js                               [39m[1m[2m    6.80 kB[22m[1m[22m[2m │ gzip:     2.22 kB[22m
[2m../../../../build/out/renderer/[22m[2massets/[22m[36mprism-php.min-B80KzkYP.js                       [39m[1m[2m    6.83 kB[22m[1m[22m[2m │ gzip:     2.29 kB[22m
[2m../../../../build/out/renderer/[22m[2massets/[22m[36mprism-php-DxbDDM-b.js                           [39m[1m[2m    6.84 kB[22m[1m[22m[2m │ gzip:     2.29 kB[22m
[2m../../../../build/out/renderer/[22m[2massets/[22m[36mprism-csharp-CfrHbrBf.js                        [39m[1m[2m    6.99 kB[22m[1m[22m[2m │ gzip:     2.79 kB[22m
[2m../../../../build/out/renderer/[22m[2massets/[22m[36mprism-core.min-BcVnepCu.js                      [39m[1m[2m    7.91 kB[22m[1m[22m[2m │ gzip:     3.42 kB[22m
[2m../../../../build/out/renderer/[22m[2massets/[22m[36mprism-abap-CfUpLXHP.js                          [39m[1m[2m    7.92 kB[22m[1m[22m[2m │ gzip:     3.52 kB[22m
[2m../../../../build/out/renderer/[22m[2massets/[22m[36mprism-abap.min-CfUpLXHP.js                      [39m[1m[2m    7.92 kB[22m[1m[22m[2m │ gzip:     3.52 kB[22m
[2m../../../../build/out/renderer/[22m[2massets/[22m[36mprism-core-puydrk3Z.js                          [39m[1m[2m    7.93 kB[22m[1m[22m[2m │ gzip:     3.43 kB[22m
[2m../../../../build/out/renderer/[22m[2massets/[22m[36mprism-sas.min-CGqaN_zA.js                       [39m[1m[2m    7.99 kB[22m[1m[22m[2m │ gzip:     3.36 kB[22m
[2m../../../../build/out/renderer/[22m[2massets/[22m[36mprism-sas-pIyLKuXC.js                           [39m[1m[2m    8.02 kB[22m[1m[22m[2m │ gzip:     3.34 kB[22m
[2m../../../../build/out/renderer/[22m[2massets/[22m[36mprism-apacheconf-Cu6LM2pZ.js                    [39m[1m[2m    8.18 kB[22m[1m[22m[2m │ gzip:     3.54 kB[22m
[2m../../../../build/out/renderer/[22m[2massets/[22m[36mprism-apacheconf.min-Cu6LM2pZ.js                [39m[1m[2m    8.18 kB[22m[1m[22m[2m │ gzip:     3.54 kB[22m
[2m../../../../build/out/renderer/[22m[2massets/[22m[36mprism-gml-BMIg0oI_.js                           [39m[1m[2m    8.67 kB[22m[1m[22m[2m │ gzip:     4.04 kB[22m
[2m../../../../build/out/renderer/[22m[2massets/[22m[36mprism-gml.min-BMIg0oI_.js                       [39m[1m[2m    8.67 kB[22m[1m[22m[2m │ gzip:     4.04 kB[22m
[2m../../../../build/out/renderer/[22m[2massets/[22m[36mprism-autohotkey-CAF-muSz.js                    [39m[1m[2m    9.25 kB[22m[1m[22m[2m │ gzip:     4.34 kB[22m
[2m../../../../build/out/renderer/[22m[2massets/[22m[36mprism-autohotkey.min-CrMewPY-.js                [39m[1m[2m    9.25 kB[22m[1m[22m[2m │ gzip:     4.34 kB[22m
[2m../../../../build/out/renderer/[22m[2massets/[22m[36mprism-gherkin.min-CI5vZ92s.js                   [39m[1m[2m    9.82 kB[22m[1m[22m[2m │ gzip:     5.36 kB[22m
[2m../../../../build/out/renderer/[22m[2massets/[22m[36mprism-gherkin-Bq6raKtY.js                       [39m[1m[2m    9.83 kB[22m[1m[22m[2m │ gzip:     5.35 kB[22m
[2m../../../../build/out/renderer/[22m[2massets/[22m[36mprism-factor.min-pqKjksDb.js                    [39m[1m[2m   10.06 kB[22m[1m[22m[2m │ gzip:     3.59 kB[22m
[2m../../../../build/out/renderer/[22m[2massets/[22m[36mprism-factor-i5YdR5UA.js                        [39m[1m[2m   10.06 kB[22m[1m[22m[2m │ gzip:     3.60 kB[22m
[2m../../../../build/out/renderer/[22m[2massets/[22m[36mstateDiagram-AJRCARHV-FA3_-4qF.js               [39m[1m[2m   10.39 kB[22m[1m[22m[2m │ gzip:     3.63 kB[22m
[2m../../../../build/out/renderer/[22m[2massets/[22m[36mprism-opencl-BcJqKmEU.js                        [39m[1m[2m   10.41 kB[22m[1m[22m[2m │ gzip:     4.53 kB[22m
[2m../../../../build/out/renderer/[22m[2massets/[22m[36mprism-opencl.min-BcJqKmEU.js                    [39m[1m[2m   10.41 kB[22m[1m[22m[2m │ gzip:     4.53 kB[22m
[2m../../../../build/out/renderer/[22m[2massets/[22m[36mprism-cmake-2k54r3W4.js                         [39m[1m[2m   10.48 kB[22m[1m[22m[2m │ gzip:     4.09 kB[22m
[2m../../../../build/out/renderer/[22m[2massets/[22m[36mprism-cmake.min-2k54r3W4.js                     [39m[1m[2m   10.48 kB[22m[1m[22m[2m │ gzip:     4.09 kB[22m
[2m../../../../build/out/renderer/[22m[2massets/[22m[36mdiagram-KO2AKTUF-BazgTzfq.js                    [39m[1m[2m   10.75 kB[22m[1m[22m[2m │ gzip:     4.16 kB[22m
[2m../../../../build/out/renderer/[22m[2massets/[22m[36mdiagram-OG6HWLK6-Dk3us0L5.js                    [39m[1m[2m   11.10 kB[22m[1m[22m[2m │ gzip:     3.95 kB[22m
[2m../../../../build/out/renderer/[22m[2massets/[22m[36mdagre-BM42HDAG-R1UnsIUZ.js                      [39m[1m[2m   11.17 kB[22m[1m[22m[2m │ gzip:     4.13 kB[22m
[2m../../../../build/out/renderer/[22m[2massets/[22m[36mprism-vim-uciLQ2PQ.js                           [39m[1m[2m   14.21 kB[22m[1m[22m[2m │ gzip:     5.85 kB[22m
[2m../../../../build/out/renderer/[22m[2massets/[22m[36mprism-vim.min-uciLQ2PQ.js                       [39m[1m[2m   14.21 kB[22m[1m[22m[2m │ gzip:     5.85 kB[22m
[2m../../../../build/out/renderer/[22m[2massets/[22m[36mishikawaDiagram-YF4QCWOH-2MYPAbZ7.js            [39m[1m[2m   17.50 kB[22m[1m[22m[2m │ gzip:     6.66 kB[22m
[2m../../../../build/out/renderer/[22m[2massets/[22m[36mtime-jf7vO3NW.js                                [39m[1m[2m   17.57 kB[22m[1m[22m[2m │ gzip:     5.96 kB[22m
[2m../../../../build/out/renderer/[22m[2massets/[22m[36mkanban-definition-UN3LZRKU-D8ZkPC4T.js          [39m[1m[2m   20.33 kB[22m[1m[22m[2m │ gzip:     7.22 kB[22m
[2m../../../../build/out/renderer/[22m[2massets/[22m[36msankeyDiagram-5OEKKPKP-CD_ivmqB.js              [39m[1m[2m   23.17 kB[22m[1m[22m[2m │ gzip:     8.55 kB[22m
[2m../../../../build/out/renderer/[22m[2massets/[22m[36mmindmap-definition-RKZ34NQL-DrB-PjJ6.js         [39m[1m[2m   23.21 kB[22m[1m[22m[2m │ gzip:     7.84 kB[22m
[2m../../../../build/out/renderer/[22m[2massets/[22m[36mjourneyDiagram-JHISSGLW-CJ3HeE4M.js             [39m[1m[2m   23.60 kB[22m[1m[22m[2m │ gzip:     8.37 kB[22m
[2m../../../../build/out/renderer/[22m[2massets/[22m[36mwardleyDiagram-YWT4CUSO-Cslj85X8.js             [39m[1m[2m   25.53 kB[22m[1m[22m[2m │ gzip:     6.81 kB[22m
[2m../../../../build/out/renderer/[22m[2massets/[22m[36merDiagram-TEJ5UH35-BeNrCieT.js                  [39m[1m[2m   26.89 kB[22m[1m[22m[2m │ gzip:     9.36 kB[22m
[2m../../../../build/out/renderer/[22m[2massets/[22m[36mlayout-BjYS467d.js                              [39m[1m[2m   28.20 kB[22m[1m[22m[2m │ gzip:    10.04 kB[22m
[2m../../../../build/out/renderer/[22m[2massets/[22m[36mgitGraphDiagram-PVQCEYII-WiaL67CA.js            [39m[1m[2m   29.45 kB[22m[1m[22m[2m │ gzip:     8.72 kB[22m
[2m../../../../build/out/renderer/[22m[2massets/[22m[36mtimeline-definition-PNZ67QCA-DOs3GTBR.js        [39m[1m[2m   30.86 kB[22m[1m[22m[2m │ gzip:    10.17 kB[22m
[2m../../../../build/out/renderer/[22m[2massets/[22m[36mrequirementDiagram-4Y6WPE33-B5sq37Af.js         [39m[1m[2m   31.04 kB[22m[1m[22m[2m │ gzip:     9.76 kB[22m
[2m../../../../build/out/renderer/[22m[2massets/[22m[36mstep-WrZc8v-e.js                                [39m[1m[2m   32.28 kB[22m[1m[22m[2m │ gzip:     9.72 kB[22m
[2m../../../../build/out/renderer/[22m[2massets/[22m[36mprism-sqf-sVcglnFV.js                           [39m[1m[2m   33.39 kB[22m[1m[22m[2m │ gzip:    11.04 kB[22m
[2m../../../../build/out/renderer/[22m[2massets/[22m[36mprism-sqf.min-Bq08iVSa.js                       [39m[1m[2m   33.39 kB[22m[1m[22m[2m │ gzip:    11.04 kB[22m
[2m../../../../build/out/renderer/[22m[2massets/[22m[36mquadrantDiagram-W4KKPZXB-B9FWuNLc.js            [39m[1m[2m   34.05 kB[22m[1m[22m[2m │ gzip:    10.00 kB[22m
[2m../../../../build/out/renderer/[22m[2massets/[22m[36mchunk-AQP2D5EJ-BYBY1ARS.js                      [39m[1m[2m   37.11 kB[22m[1m[22m[2m │ gzip:    12.11 kB[22m
[2m../../../../build/out/renderer/[22m[2massets/[22m[36mxychartDiagram-2RQKCTM6-41Lat7PU.js             [39m[1m[2m   40.31 kB[22m[1m[22m[2m │ gzip:    11.50 kB[22m
[2m../../../../build/out/renderer/[22m[2massets/[22m[36mvennDiagram-CIIHVFJN-O7vtLu0G.js                [39m[1m[2m   41.46 kB[22m[1m[22m[2m │ gzip:    15.49 kB[22m
[2m../../../../build/out/renderer/[22m[2massets/[22m[36mganttDiagram-6RSMTGT7-BGJMG4s1.js               [39m[1m[2m   47.63 kB[22m[1m[22m[2m │ gzip:    15.97 kB[22m
[2m../../../../build/out/renderer/[22m[2massets/[22m[36mchunk-727SXJPM-BB0LFAvH.js                      [39m[1m[2m   48.98 kB[22m[1m[22m[2m │ gzip:    15.72 kB[22m
[2m../../../../build/out/renderer/[22m[2massets/[22m[36mflowDiagram-I6XJVG4X-C0GOnaiL.js                [39m[1m[2m   60.54 kB[22m[1m[22m[2m │ gzip:    19.39 kB[22m
[2m../../../../build/out/renderer/[22m[2massets/[22m[36mc4Diagram-AAUBKEIU-DmKu4xPZ.js                  [39m[1m[2m   69.98 kB[22m[1m[22m[2m │ gzip:    19.65 kB[22m
[2m../../../../build/out/renderer/[22m[2massets/[22m[36mblockDiagram-GPEHLZMM-Cv7mn8wj.js               [39m[1m[2m   73.55 kB[22m[1m[22m[2m │ gzip:    21.23 kB[22m
[2m../../../../build/out/renderer/[22m[2massets/[22m[36mcose-bilkent-S5V4N54A-BSdJ38az.js               [39m[1m[2m   81.73 kB[22m[1m[22m[2m │ gzip:    22.49 kB[22m
[2m../../../../build/out/renderer/[22m[2massets/[22m[36msequenceDiagram-3UESZ5HK-D-hCO5r0.js            [39m[1m[2m  116.90 kB[22m[1m[22m[2m │ gzip:    31.07 kB[22m
[2m../../../../build/out/renderer/[22m[2massets/[22m[36msequence-B2feSS-J.js                            [39m[1m[2m  116.93 kB[22m[1m[22m[2m │ gzip:    42.83 kB[22m
[2m../../../../build/out/renderer/[22m[2massets/[22m[36mindex-CybdOu9r.js                               [39m[1m[2m  130.79 kB[22m[1m[22m[2m │ gzip:    42.03 kB[22m
[2m../../../../build/out/renderer/[22m[2massets/[22m[36marchitectureDiagram-3BPJPVTR-BVgYDjZa.js        [39m[1m[2m  149.47 kB[22m[1m[22m[2m │ gzip:    42.20 kB[22m
[2m../../../../build/out/renderer/[22m[2massets/[22m[36mcytoscape.esm-DH6-wILU.js                       [39m[1m[2m  441.80 kB[22m[1m[22m[2m │ gzip:   141.55 kB[22m
[2m../../../../build/out/renderer/[22m[2massets/[22m[36mmermaid.core-DzxD3Tf5.js                        [39m[1m[33m  543.30 kB[39m[22m[2m │ gzip:   123.61 kB[22m
[2m../../../../build/out/renderer/[22m[2massets/[22m[36mwardley-L42UT6IY-CKZpSghb.js                    [39m[1m[33m  612.67 kB[39m[22m[2m │ gzip:   147.51 kB[22m
[2m../../../../build/out/renderer/[22m[2massets/[22m[36membed-C1mDjvlB.js                               [39m[1m[33m  759.47 kB[39m[22m[2m │ gzip:   265.00 kB[22m
[2m../../../../build/out/renderer/[22m[2massets/[22m[36mmain-iOjVJU41.js                                [39m[1m[33m1,210.56 kB[39m[22m[2m │ gzip:   350.86 kB[22m
[2m../../../../build/out/renderer/[22m[2massets/[22m[36mindex-joAryrzC.js                               [39m[1m[33m4,045.73 kB[39m[22m[2m │ gzip: 1,190.32 kB[22m
[33m
(!) Some chunks are larger than 500 kB after minification. Consider:
- Using dynamic import() to code-split the application
- Use build.rollupOptions.output.manualChunks to improve chunking: https://rollupjs.org/configuration-options/#output-manualchunks
- Adjust chunk size limit for this warning via build.chunkSizeWarningLimit.[39m
[32m✓ built in 30.88s[39m
[bundle-report] renderer total: 36.18 MiB
[bundle-report] core/shared: 36.18 MiB
[bundle-report] optional built-in chunks still packaged: 0 B
[bundle-report] JSON: build/out/renderer-bundle-report.json
[bundle-report] Lazy chunks reduce startup work, not installer size. Real size reduction requires downloadable .enaddon packages outside the renderer import graph.
[1m[92m    Updating[0m crates.io index
[1m[92m    Updating[0m git repository `https://github.com/SorbetUP/Elephant-Addons`
[1m[92m Downloading[0m crates ...
[1m[92m  Downloaded[0m async-executor v1.14.0
[1m[92m  Downloaded[0m event-listener-strategy v0.5.4
[1m[92m  Downloaded[0m async-channel v2.5.0
[1m[92m  Downloaded[0m futures-io v0.3.32
[1m[92m  Downloaded[0m alloc-no-stdlib v2.0.4
[1m[92m  Downloaded[0m glob v0.3.3
[1m[92m  Downloaded[0m async-io v2.6.0
[1m[92m  Downloaded[0m dyn-clone v1.0.20
[1m[92m  Downloaded[0m adler2 v2.0.1
[1m[92m  Downloaded[0m gdk-pixbuf-sys v0.18.0
[1m[92m  Downloaded[0m gdkx11 v0.18.2
[1m[92m  Downloaded[0m javascriptcore-rs-sys v1.1.1
[1m[92m  Downloaded[0m is-docker v0.2.0
[1m[92m  Downloaded[0m libappindicator-sys v0.9.0
[1m[92m  Downloaded[0m gtk-sys v0.18.2
[1m[92m  Downloaded[0m http v1.4.2
[1m[92m  Downloaded[0m event-listener v5.4.1
[1m[92m  Downloaded[0m libappindicator v0.9.0
[1m[92m  Downloaded[0m inotify-sys v0.1.8
[1m[92m  Downloaded[0m proc-macro-crate v2.0.2
[1m[92m  Downloaded[0m libloading v0.7.4
[1m[92m  Downloaded[0m cairo-sys-rs v0.18.2
[1m[92m  Downloaded[0m gdkwayland-sys v0.18.2
[1m[92m  Downloaded[0m enumflags2 v0.7.12
[1m[92m  Downloaded[0m system-deps v6.2.2
[1m[92m  Downloaded[0m keyboard-types v0.7.0
[1m[92m  Downloaded[0m futures-macro v0.3.32
[1m[92m  Downloaded[0m rustls-pki-types v1.15.0
[1m[92m  Downloaded[0m bs58 v0.5.1
[1m[92m  Downloaded[0m fax v0.2.7
[1m[92m  Downloaded[0m http-range v0.1.5
[1m[92m  Downloaded[0m glib v0.18.5
[1m[92m  Downloaded[0m toml_datetime v0.6.3
[1m[92m  Downloaded[0m keyring v3.6.3
[1m[92m  Downloaded[0m sha2 v0.10.9
[1m[92m  Downloaded[0m thread_local v1.1.10
[1m[92m  Downloaded[0m ico v0.5.0
[1m[92m  Downloaded[0m glib-sys v0.18.1
[1m[92m  Downloaded[0m tauri-plugin-window-state v2.4.1
[1m[92m  Downloaded[0m zbus_names v4.3.4
[1m[92m  Downloaded[0m tokio-macros v2.7.1
[1m[92m  Downloaded[0m wayland-scanner v0.31.10
[1m[92m  Downloaded[0m ref-cast v1.0.25
[1m[92m  Downloaded[0m zvariant_utils v3.5.0
[1m[92m  Downloaded[0m wayland-backend v0.3.15
[1m[92m  Downloaded[0m web_atoms v0.2.5
[1m[92m  Downloaded[0m gdk-pixbuf v0.18.5
[1m[92m  Downloaded[0m cookie v0.18.1
[1m[92m  Downloaded[0m weezl v0.1.12
[1m[92m  Downloaded[0m wayland-protocols v0.32.13
[1m[92m  Downloaded[0m zvariant_derive v5.13.1
[1m[92m  Downloaded[0m gio-sys v0.18.1
[1m[92m  Downloaded[0m version-compare v0.2.1
[1m[92m  Downloaded[0m wl-clipboard-rs v0.9.3
[1m[92m  Downloaded[0m serde_spanned v0.6.9
[1m[92m  Downloaded[0m gobject-sys v0.18.0
[1m[92m  Downloaded[0m x11rb-protocol v0.13.2
[1m[92m  Downloaded[0m zopfli v0.8.3
[1m[92m  Downloaded[0m dbus v0.9.12
[1m[92m  Downloaded[0m zbus v5.18.0
[1m[92m  Downloaded[0m zvariant v5.13.1
[1m[92m  Downloaded[0m webpki-roots v1.0.8
[1m[92m  Downloaded[0m zune-core v0.5.1
[1m[92m  Downloaded[0m tauri-runtime v2.11.3
[1m[92m  Downloaded[0m javascriptcore-rs v1.1.2
[1m[92m  Downloaded[0m zbus_macros v5.18.0
[1m[92m  Downloaded[0m open v5.4.0
[1m[92m  Downloaded[0m gdk-sys v0.18.2
[1m[92m  Downloaded[0m tauri-build v2.6.3
[1m[92m  Downloaded[0m webkit2gtk v2.0.2
[1m[92m  Downloaded[0m zune-jpeg v0.5.15
[1m[92m  Downloaded[0m x11rb v0.13.2
[1m[92m  Downloaded[0m x11-dl v2.21.0
[1m[92m  Downloaded[0m muda v0.19.3
[1m[92m  Downloaded[0m miniz_oxide v0.8.9
[1m[92m  Downloaded[0m toml_edit v0.20.2
[1m[92m  Downloaded[0m zerocopy-derive v0.8.54
[1m[92m  Downloaded[0m zip v2.4.2
[1m[92m  Downloaded[0m wry v0.55.1
[1m[92m  Downloaded[0m tauri-utils v2.9.3
[1m[92m  Downloaded[0m regex v1.13.1
[1m[92m  Downloaded[0m winnow v0.7.15
[1m[92m  Downloaded[0m serde_with v3.21.0
[1m[92m  Downloaded[0m quick-xml v0.39.4
[1m[92m  Downloaded[0m quick-xml v0.41.0
[1m[92m  Downloaded[0m moxcms v0.8.1
[1m[92m  Downloaded[0m time v0.3.53
[1m[92m  Downloaded[0m winnow v0.5.40
[1m[92m  Downloaded[0m tauri v2.11.5
[1m[92m  Downloaded[0m rustls v0.23.42
[1m[92m  Downloaded[0m tao v0.35.3
[1m[92m  Downloaded[0m tauri-plugin-fs v2.5.1
[1m[92m  Downloaded[0m regex-syntax v0.8.11
[1m[92m  Downloaded[0m tauri-plugin-dialog v2.7.1
[1m[92m  Downloaded[0m png v0.18.1
[1m[92m  Downloaded[0m rustix v1.1.4
[1m[92m  Downloaded[0m tokio-util v0.7.18
[1m[92m  Downloaded[0m tauri-plugin-clipboard-manager v2.3.2
[1m[92m  Downloaded[0m schemars v1.2.1
[1m[92m  Downloaded[0m rand v0.9.5
[1m[92m  Downloaded[0m mio v0.8.11
[1m[92m  Downloaded[0m tauri-plugin-notification v2.3.3
[1m[92m  Downloaded[0m tauri-runtime-wry v2.11.4
[1m[92m  Downloaded[0m serde_with_macros v3.21.0
[1m[92m  Downloaded[0m notify-rust v4.18.0
[1m[92m  Downloaded[0m regex-automata v0.4.16
[1m[92m  Downloaded[0m tray-icon v0.24.1
[1m[92m  Downloaded[0m toml v1.1.3+spec-1.1.0
[1m[92m  Downloaded[0m libc v0.2.186
[1m[92m  Downloaded[0m toml v0.8.2
[1m[92m  Downloaded[0m tauri-plugin-opener v2.5.4
[1m[92m  Downloaded[0m schemars v0.9.0
[1m[92m  Downloaded[0m schemars v0.8.22
[1m[92m  Downloaded[0m plist v1.10.0
[1m[92m  Downloaded[0m pango v0.18.3
[1m[92m  Downloaded[0m pxfm v0.1.30
[1m[92m  Downloaded[0m petgraph v0.8.3
[1m[92m  Downloaded[0m notify v6.1.1
[1m[92m  Downloaded[0m hashbrown v0.15.5
[1m[92m  Downloaded[0m toml_parser v1.1.2+spec-1.1.0
[1m[92m  Downloaded[0m brotli-decompressor v5.0.3
[1m[92m  Downloaded[0m tokio v1.53.0
[1m[92m  Downloaded[0m hyper v1.10.1
[1m[92m  Downloaded[0m wayland-protocols-wlr v0.3.12
[1m[92m  Downloaded[0m tauri-macros v2.6.3
[1m[92m  Downloaded[0m raw-window-handle v0.6.2
[1m[92m  Downloaded[0m libdbus-sys v0.2.7
[1m[92m  Downloaded[0m is-wsl v0.4.0
[1m[92m  Downloaded[0m half v2.7.1
[1m[92m  Downloaded[0m tauri-codegen v2.6.3
[1m[92m  Downloaded[0m soup3 v0.5.0
[1m[92m  Downloaded[0m ipnet v2.12.0
[1m[92m  Downloaded[0m flate2 v1.1.9
[1m[92m  Downloaded[0m zerocopy v0.8.54
[1m[92m  Downloaded[0m toml_writer v1.1.2+spec-1.1.0
[1m[92m  Downloaded[0m tendril v0.5.1
[1m[92m  Downloaded[0m tauri-plugin v2.6.3
[1m[92m  Downloaded[0m target-lexicon v0.12.16
[1m[92m  Downloaded[0m soup3-sys v0.5.0
[1m[92m  Downloaded[0m rand_core v0.9.5
[1m[92m  Downloaded[0m ppv-lite86 v0.2.21
[1m[92m  Downloaded[0m ordered-stream v0.2.0
[1m[92m  Downloaded[0m toml_edit v0.19.15
[1m[92m  Downloaded[0m time-macros v0.2.31
[1m[92m  Downloaded[0m thiserror-impl v2.0.18
[1m[92m  Downloaded[0m tauri-winres v0.3.6
[1m[92m  Downloaded[0m simd-adler32 v0.3.10
[1m[92m  Downloaded[0m serde_spanned v1.1.1
[1m[92m  Downloaded[0m serde-untagged v0.1.9
[1m[92m  Downloaded[0m schemars_derive v0.8.22
[1m[92m  Downloaded[0m proc-macro-error v1.0.4
[1m[92m  Downloaded[0m piper v0.2.5
[1m[92m  Downloaded[0m image v0.25.10
[1m[92m  Downloaded[0m futures-task v0.3.32
[1m[92m  Downloaded[0m cc v1.2.67
[1m[92m  Downloaded[0m async-recursion v1.1.1
[1m[92m  Downloaded[0m thiserror v2.0.18
[1m[92m  Downloaded[0m glib-macros v0.18.5
[1m[92m  Downloaded[0m getrandom v0.3.4
[1m[92m  Downloaded[0m wayland-client v0.31.14
[1m[92m  Downloaded[0m proc-macro-crate v1.3.1
[1m[92m  Downloaded[0m filetime v0.2.29
[1m[92m  Downloaded[0m concurrent-queue v2.5.0
[1m[92m  Downloaded[0m gtk3-macros v0.18.2
[1m[92m  Downloaded[0m tree_magic_mini v3.2.2
[1m[92m  Downloaded[0m ref-cast-impl v1.0.25
[1m[92m  Downloaded[0m proc-macro-error-attr v1.0.4
[1m[92m  Downloaded[0m memoffset v0.9.1
[1m[92m  Downloaded[0m gdk v0.18.2
[1m[92m  Downloaded[0m darling_core v0.23.0
[1m[92m  Downloaded[0m arboard v3.6.1
[1m[92m  Downloaded[0m aho-corasick v1.1.4
[1m[92m  Downloaded[0m x11 v2.21.0
[1m[92m  Downloaded[0m gtk v0.18.2
[1m[92m  Downloaded[0m futures-channel v0.3.32
[1m[92m  Downloaded[0m blocking v1.6.2
[1m[92m  Downloaded[0m async-signal v0.2.14
[1m[92m  Downloaded[0m gdkx11-sys v0.18.2
[1m[92m  Downloaded[0m erased-serde v0.4.10
[1m[92m  Downloaded[0m chardetng v0.1.17
[1m[92m  Downloaded[0m async-process v2.5.0
[1m[92m  Downloaded[0m webkit2gtk-sys v2.0.2
[1m[92m  Downloaded[0m serde_repr v0.1.20
[1m[92m  Downloaded[0m displaydoc v0.2.6
[1m[92m  Downloaded[0m cairo-rs v0.18.5
[1m[92m  Downloaded[0m async-task v4.7.1
[1m[92m  Downloaded[0m field-offset v0.3.6
[1m[92m  Downloaded[0m atk-sys v0.18.2
[1m[92m  Downloaded[0m wayland-sys v0.31.11
[1m[92m  Downloaded[0m typeid v1.0.3
[1m[92m  Downloaded[0m tiff v0.11.3
[1m[92m  Downloaded[0m heck v0.4.1
[1m[92m  Downloaded[0m gethostname v1.1.0
[1m[92m  Downloaded[0m futures-util v0.3.32
[1m[92m  Downloaded[0m futures-sink v0.3.32
[1m[92m  Downloaded[0m foldhash v0.1.5
[1m[92m  Downloaded[0m enumflags2_derive v0.7.12
[1m[92m  Downloaded[0m downcast-rs v1.2.1
[1m[92m  Downloaded[0m darling_macro v0.23.0
[1m[92m  Downloaded[0m gio v0.18.4
[1m[92m  Downloaded[0m anyhow v1.0.103
[1m[92m  Downloaded[0m rfd v0.16.0
[1m[92m  Downloaded[0m pango-sys v0.18.0
[1m[92m  Downloaded[0m fuzzy-matcher v0.3.7
[1m[92m  Downloaded[0m bytemuck v1.25.1
[1m[92m  Downloaded[0m brotli v8.0.4
[1m[92m  Downloaded[0m blake3 v1.8.5
[1m[92m  Downloaded[0m atk v0.18.2
[1m[92m  Downloaded[0m async-trait v0.1.89
[1m[92m  Downloaded[0m siphasher v1.0.3
[1m[92m  Downloaded[0m dlopen2_derive v0.4.3
[1m[92m  Downloaded[0m crc32fast v1.5.0
[1m[92m  Downloaded[0m cargo-platform v0.1.9
[1m[92m  Downloaded[0m fastrand v2.4.1
[1m[92m  Downloaded[0m embed-resource v3.0.11
[1m[92m  Downloaded[0m dtoa v1.0.11
[1m[92m  Downloaded[0m polling v3.11.0
[1m[92m  Downloaded[0m fixedbitset v0.5.7
[1m[92m  Downloaded[0m dlopen2 v0.8.2
[1m[92m  Downloaded[0m cargo_toml v0.22.3
[1m[92m  Downloaded[0m cargo_metadata v0.19.2
[1m[92m  Downloaded[0m futures-core v0.3.32
[1m[92m  Downloaded[0m camino v1.2.4
[1m[92m  Downloaded[0m inotify v0.9.6
[1m[92m  Downloaded[0m futures-executor v0.3.32
[1m[92m  Downloaded[0m cfg-expr v0.15.8
[1m[92m  Downloaded[0m async-lock v3.4.2
[1m[92m  Downloaded[0m darling v0.23.0
[1m[92m  Downloaded[0m endi v1.1.1
[1m[92m  Downloaded[0m dpi v0.1.2
[1m[92m  Downloaded[0m async-broadcast v0.7.2
[1m[92m  Downloaded[0m alloc-stdlib v0.2.4
[1m[92m  Downloaded[0m linux-raw-sys v0.12.1
[1m[92m   Compiling[0m quote v1.0.46
[1m[92m   Compiling[0m proc-macro2 v1.0.106
[1m[92m   Compiling[0m unicode-ident v1.0.24
[1m[92m   Compiling[0m serde_core v1.0.228
[1m[92m   Compiling[0m serde v1.0.228
[1m[92m   Compiling[0m libc v0.2.186
[1m[92m   Compiling[0m equivalent v1.0.2
[1m[92m   Compiling[0m hashbrown v0.17.1
[1m[92m   Compiling[0m smallvec v1.15.2
[1m[92m   Compiling[0m pkg-config v0.3.33
[1m[92m   Compiling[0m syn v2.0.119
[1m[92m   Compiling[0m indexmap v2.14.0
[1m[92m   Compiling[0m heck v0.5.0
[1m[92m   Compiling[0m winnow v0.5.40
[1m[92m   Compiling[0m target-lexicon v0.12.16
[1m[92m   Compiling[0m cfg-expr v0.15.8
[1m[92m   Compiling[0m version-compare v0.2.1
[1m[92m   Compiling[0m autocfg v1.5.1
[1m[92m   Compiling[0m thiserror v1.0.69
[1m[92m   Compiling[0m memchr v2.8.3
[1m[92m   Compiling[0m icu_normalizer_data v2.2.0
[1m[92m   Compiling[0m icu_properties_data v2.2.0
[1m[92m   Compiling[0m siphasher v1.0.3
[1m[92m   Compiling[0m pin-project-lite v0.2.17
[1m[92m   Compiling[0m phf_shared v0.13.1
[1m[92m   Compiling[0m synstructure v0.13.2
[1m[92m   Compiling[0m version_check v0.9.5
[1m[92m   Compiling[0m fastrand v2.4.1
[1m[92m   Compiling[0m phf_generator v0.13.1
[1m[92m   Compiling[0m zmij v1.0.23
[1m[92m   Compiling[0m stable_deref_trait v1.2.1
[1m[92m   Compiling[0m futures-core v0.3.32
[1m[92m   Compiling[0m winnow v1.0.4
[1m[92m   Compiling[0m cfg-if v1.0.4
[1m[92m   Compiling[0m bitflags v2.13.1
[1m[92m   Compiling[0m shlex v2.0.1
[1m[92m   Compiling[0m find-msvc-tools v0.1.9
[1m[92m   Compiling[0m cc v1.2.67
[1m[92m   Compiling[0m serde_derive v1.0.228
[1m[92m   Compiling[0m zerofrom-derive v0.1.7
[1m[92m   Compiling[0m yoke-derive v0.8.2
[1m[92m   Compiling[0m zerovec-derive v0.11.3
[1m[92m   Compiling[0m displaydoc v0.2.6
[1m[92m   Compiling[0m thiserror-impl v1.0.69
[1m[92m   Compiling[0m zerofrom v0.1.8
[1m[92m   Compiling[0m toml_parser v1.1.2+spec-1.1.0
[1m[92m   Compiling[0m yoke v0.8.3
[1m[92m   Compiling[0m semver v1.0.28
[1m[92m   Compiling[0m parking_lot_core v0.9.12
[1m[92m   Compiling[0m toml_datetime v1.1.1+spec-1.1.0
[1m[92m   Compiling[0m thiserror v2.0.18
[1m[92m   Compiling[0m zerovec v0.11.6
[1m[92m   Compiling[0m once_cell v1.21.4
[1m[92m   Compiling[0m phf_macros v0.13.1
[1m[92m   Compiling[0m thiserror-impl v2.0.18
[1m[92m   Compiling[0m time-core v0.1.9
[1m[92m   Compiling[0m typeid v1.0.3
[1m[92m   Compiling[0m num-conv v0.2.2
[1m[92m   Compiling[0m futures-io v0.3.32
[1m[92m   Compiling[0m tinystr v0.8.3
[1m[92m   Compiling[0m phf_codegen v0.13.1
[1m[92m   Compiling[0m writeable v0.6.3
[1m[92m   Compiling[0m itoa v1.0.18
[1m[92m   Compiling[0m erased-serde v0.4.10
[1m[92m   Compiling[0m litemap v0.8.2
[1m[92m   Compiling[0m toml_datetime v0.6.3
[1m[92m   Compiling[0m serde_spanned v0.6.9
[1m[92m   Compiling[0m strsim v0.11.1
[1m[92m   Compiling[0m ident_case v1.0.1
[1m[92m   Compiling[0m toml_edit v0.20.2
[1m[92m   Compiling[0m icu_locale_core v2.2.0
[1m[92m   Compiling[0m potential_utf v0.1.5
[1m[92m   Compiling[0m darling_core v0.23.0
[1m[92m   Compiling[0m zerotrie v0.2.4
[1m[92m   Compiling[0m utf8_iter v1.0.4
[1m[92m   Compiling[0m icu_collections v2.2.0
[1m[92m   Compiling[0m icu_provider v2.2.0
[1m[92m   Compiling[0m new_debug_unreachable v1.0.6
[1m[92m   Compiling[0m slab v0.4.12
[1m[92m   Compiling[0m scopeguard v1.2.0
[1m[92m   Compiling[0m anyhow v1.0.103
[1m[92m   Compiling[0m lock_api v0.4.14
[1m[92m   Compiling[0m phf v0.13.1
[1m[92m   Compiling[0m string_cache_codegen v0.6.1
[1m[92m   Compiling[0m precomputed-hash v0.1.1
[1m[92m   Compiling[0m toml v0.8.2
[1m[92m   Compiling[0m system-deps v6.2.2
[1m[92m   Compiling[0m getrandom v0.4.3
[1m[92m   Compiling[0m serde_json v1.0.150
[1m[92m   Compiling[0m web_atoms v0.2.5
[1m[92m   Compiling[0m parking_lot v0.12.5
[1m[92m   Compiling[0m glib-sys v0.18.1
[1m[92m   Compiling[0m gobject-sys v0.18.0
[1m[92m   Compiling[0m darling_macro v0.23.0
[1m[92m   Compiling[0m icu_properties v2.2.0
[1m[92m   Compiling[0m icu_normalizer v2.2.0
[1m[92m   Compiling[0m darling v0.23.0
[1m[92m   Compiling[0m serde_with_macros v3.21.0
[1m[92m   Compiling[0m serde_spanned v1.1.1
[1m[92m   Compiling[0m ctor-proc-macro v0.0.7
[1m[92m   Compiling[0m toml_writer v1.1.2+spec-1.1.0
[1m[92m   Compiling[0m idna_adapter v1.2.2
[1m[92m   Compiling[0m string_cache v0.9.0
[1m[92m   Compiling[0m gio-sys v0.18.1
[1m[92m   Compiling[0m percent-encoding v2.3.2
[1m[92m   Compiling[0m futures-sink v0.3.32
[1m[92m   Compiling[0m dtoa v1.0.11
[1m[92m   Compiling[0m log v0.4.33
[1m[92m   Compiling[0m dtoa-short v0.3.5
[1m[92m   Compiling[0m form_urlencoded v1.2.2
[1m[92m   Compiling[0m uuid v1.24.0
[1m[92m   Compiling[0m idna v1.1.0
[1m[92m   Compiling[0m tendril v0.5.1
[1m[92m   Compiling[0m selectors v0.36.1
[1m[92m   Compiling[0m derive_more-impl v2.1.1
[1m[92m   Compiling[0m cssparser-macros v0.6.1
[1m[92m   Compiling[0m aho-corasick v1.1.4
[1m[92m   Compiling[0m indexmap v1.9.3
[1m[92m   Compiling[0m unic-common v0.9.0
[1m[92m   Compiling[0m unic-char-range v0.9.0
[1m[92m   Compiling[0m camino v1.2.4
[1m[92m   Compiling[0m byteorder v1.5.0
[1m[92m   Compiling[0m regex-syntax v0.8.11
[1m[92m   Compiling[0m alloc-no-stdlib v2.0.4
[1m[92m   Compiling[0m alloc-stdlib v0.2.4
[1m[92m   Compiling[0m derive_more v2.1.1
[1m[92m   Compiling[0m unic-char-property v0.9.0
[1m[92m   Compiling[0m unic-ucd-version v0.9.0
[1m[92m   Compiling[0m cssparser v0.36.0
[1m[92m   Compiling[0m markup5ever v0.38.0
[1m[92m   Compiling[0m url v2.5.8
[1m[92m   Compiling[0m toml v1.1.3+spec-1.1.0
[1m[92m   Compiling[0m servo_arc v0.4.3
[1m[92m   Compiling[0m serde_derive_internals v0.29.1
[1m[92m   Compiling[0m regex-automata v0.4.16
[1m[92m   Compiling[0m bit-vec v0.8.0
[1m[92m   Compiling[0m rustc-hash v2.1.3
[1m[92m   Compiling[0m schemars v0.8.22
[1m[92m   Compiling[0m fnv v1.0.7
[1m[92m   Compiling[0m hashbrown v0.12.3
[1m[92m   Compiling[0m powerfmt v0.2.0
[1m[92m   Compiling[0m deranged v0.5.8
[1m[92m   Compiling[0m time v0.3.53
[1m[92m   Compiling[0m cfb v0.7.3
[1m[92m   Compiling[0m regex v1.13.1
[1m[92m   Compiling[0m bit-set v0.8.0
[1m[92m   Compiling[0m schemars_derive v0.8.22
[1m[92m   Compiling[0m html5ever v0.38.0
[1m[92m   Compiling[0m unic-ucd-ident v0.9.0
[1m[92m   Compiling[0m brotli-decompressor v5.0.3
[1m[92m   Compiling[0m jsonptr v0.6.3
[1m[92m   Compiling[0m cargo-platform v0.1.9
[1m[92m   Compiling[0m rustc_version v0.4.1
[1m[92m   Compiling[0m futures-macro v0.3.32
[1m[92m   Compiling[0m quick-xml v0.41.0
[1m[92m   Compiling[0m dunce v1.0.5
[1m[92m   Compiling[0m dyn-clone v1.0.20
[1m[92m   Compiling[0m futures-task v0.3.32
[1m[92m   Compiling[0m foldhash v0.2.0
[1m[92m   Compiling[0m same-file v1.0.6
[1m[92m   Compiling[0m base64 v0.22.1
[1m[92m   Compiling[0m bytes v1.12.1
[1m[92m   Compiling[0m walkdir v2.5.0
[1m[92m   Compiling[0m futures-util v0.3.32
[1m[92m   Compiling[0m plist v1.10.0
[1m[92m   Compiling[0m http v1.4.2
[1m[92m   Compiling[0m dom_query v0.27.0
[1m[92m   Compiling[0m brotli v8.0.4
[1m[92m   Compiling[0m cargo_metadata v0.19.2
[1m[92m   Compiling[0m json-patch v3.0.1
[1m[92m   Compiling[0m urlpattern v0.3.0
[1m[92m   Compiling[0m serde-untagged v0.1.9
[1m[92m   Compiling[0m infer v0.19.0
[1m[92m   Compiling[0m serde_with v3.21.0
[1m[92m   Compiling[0m ctor v0.8.0
[1m[92m   Compiling[0m glob v0.3.3
[1m[92m   Compiling[0m gdk-sys v0.18.2
[1m[92m   Compiling[0m proc-macro-error-attr v1.0.4
[1m[92m   Compiling[0m syn v1.0.109
[1m[92m   Compiling[0m futures-channel v0.3.32
[1m[92m   Compiling[0m proc-macro-error v1.0.4
[1m[92m   Compiling[0m crossbeam-utils v0.8.22
[1m[92m   Compiling[0m gdk-pixbuf-sys v0.18.0
[1m[92m   Compiling[0m cairo-sys-rs v0.18.2
[1m[92m   Compiling[0m pango-sys v0.18.0
[1m[92m   Compiling[0m tauri-utils v2.9.3
[1m[92m   Compiling[0m atk-sys v0.18.2
[1m[92m   Compiling[0m proc-macro-crate v2.0.2
[1m[92m   Compiling[0m heck v0.4.1
[1m[92m   Compiling[0m futures-executor v0.3.32
[1m[92m   Compiling[0m glib-macros v0.18.5
[1m[92m   Compiling[0m gtk-sys v0.18.2
[1m[92m   Compiling[0m crc32fast v1.5.0
[1m[92m   Compiling[0m toml_datetime v0.7.5+spec-1.1.0
[1m[92m   Compiling[0m errno v0.3.14
[1m[92m   Compiling[0m glib v0.18.5
[1m[92m   Compiling[0m winnow v0.7.15
[1m[92m   Compiling[0m option-ext v0.2.0
[1m[92m   Compiling[0m gio v0.18.4
[1m[92m   Compiling[0m dirs-sys v0.5.0
[1m[92m   Compiling[0m signal-hook-registry v1.4.8
[1m[92m   Compiling[0m toml v0.9.12+spec-1.1.0
[1m[92m   Compiling[0m embed-resource v3.0.11
[1m[92m   Compiling[0m tauri-winres v0.3.6
[1m[92m   Compiling[0m cargo_toml v0.22.3
[1m[92m   Compiling[0m dirs v6.0.0
[1m[92m   Compiling[0m tauri-plugin v2.6.3
[1m[92m   Compiling[0m tauri-build v2.6.3
[1m[92m   Compiling[0m rustix v1.1.4
[1m[92m   Compiling[0m memoffset v0.9.1
[1m[92m   Compiling[0m linux-raw-sys v0.12.1
[1m[92m   Compiling[0m tauri v2.11.5
[1m[92m   Compiling[0m cairo-rs v0.18.5
[1m[92m   Compiling[0m field-offset v0.3.6
[1m[92m   Compiling[0m toml_edit v0.19.15
[1m[92m   Compiling[0m tokio-macros v2.7.1
[1m[92m   Compiling[0m socket2 v0.6.5
[1m[92m   Compiling[0m gdk-pixbuf v0.18.5
[1m[92m   Compiling[0m pango v0.18.3
[1m[92m   Compiling[0m mio v1.2.2
[1m[92m   Compiling[0m proc-macro-crate v1.3.1
[1m[92m   Compiling[0m tokio v1.53.0
[1m[92m   Compiling[0m gdk v0.18.2
[1m[92m   Compiling[0m soup3-sys v0.5.0
[1m[92m   Compiling[0m javascriptcore-rs-sys v1.1.1
[1m[92m   Compiling[0m time-macros v0.2.31
[1m[92m   Compiling[0m generic-array v0.14.7
[1m[92m   Compiling[0m gtk v0.18.2
[1m[92m   Compiling[0m bitflags v1.3.2
[1m[92m   Compiling[0m gtk3-macros v0.18.2
[1m[92m   Compiling[0m atk v0.18.2
[1m[92m   Compiling[0m webkit2gtk-sys v2.0.2
[1m[92m   Compiling[0m x11 v2.21.0
[1m[92m   Compiling[0m parking v2.2.1
[1m[92m   Compiling[0m typenum v1.20.1
[1m[92m   Compiling[0m simd-adler32 v0.3.10
[1m[92m   Compiling[0m concurrent-queue v2.5.0
[1m[92m   Compiling[0m gdkx11-sys v0.18.2
[1m[92m   Compiling[0m adler2 v2.0.1
[1m[92m   Compiling[0m miniz_oxide v0.8.9
[1m[92m   Compiling[0m dpi v0.1.2
[1m[92m   Compiling[0m cookie v0.18.1
[1m[92m   Compiling[0m libdbus-sys v0.2.7
[1m[92m   Compiling[0m x11-dl v2.21.0
[1m[92m   Compiling[0m raw-window-handle v0.6.2
[1m[92m   Compiling[0m getrandom v0.3.4
[1m[92m   Compiling[0m flate2 v1.1.9
[1m[92m   Compiling[0m soup3 v0.5.0
[1m[92m   Compiling[0m javascriptcore-rs v1.1.2
[1m[92m   Compiling[0m crypto-common v0.1.7
[1m[92m   Compiling[0m block-buffer v0.10.4
[1m[92m   Compiling[0m fdeflate v0.3.7
[1m[92m   Compiling[0m crossbeam-channel v0.5.16
[1m[92m   Compiling[0m png v0.17.16
[1m[92m   Compiling[0m digest v0.10.7
[1m[92m   Compiling[0m toml_edit v0.25.13+spec-1.1.0
[1m[92m   Compiling[0m webkit2gtk v2.0.2
[1m[92m   Compiling[0m enumflags2_derive v0.7.12
[1m[92m   Compiling[0m dlopen2_derive v0.4.3
[1m[92m   Compiling[0m tauri-runtime v2.11.3
[1m[92m   Compiling[0m wry v0.55.1
[1m[92m   Compiling[0m cpufeatures v0.2.17
[1m[92m   Compiling[0m sha2 v0.10.9
[1m[92m   Compiling[0m dlopen2 v0.8.2
[1m[92m   Compiling[0m proc-macro-crate v3.5.0
[1m[92m   Compiling[0m dbus v0.9.12
[1m[92m   Compiling[0m ico v0.5.0
[1m[92m   Compiling[0m gdkx11 v0.18.2
[1m[92m   Compiling[0m event-listener v5.4.1
[1m[92m   Compiling[0m gdkwayland-sys v0.18.2
[1m[92m   Compiling[0m zvariant_utils v3.5.0
[1m[92m   Compiling[0m serde_repr v0.1.20
[1m[92m   Compiling[0m zerocopy v0.8.54
[1m[92m   Compiling[0m tauri-runtime-wry v2.11.4
[1m[92m   Compiling[0m atomic-waker v1.1.2
[1m[92m   Compiling[0m unicode-segmentation v1.13.3
[1m[92m   Compiling[0m keyboard-types v0.7.0
[1m[92m   Compiling[0m zvariant_derive v5.13.1
[1m[92m   Compiling[0m tao v0.35.3
[1m[92m   Compiling[0m event-listener-strategy v0.5.4
[1m[92m   Compiling[0m tauri-codegen v2.6.3
[1m[92m   Compiling[0m futures-lite v2.6.1
[1m[92m   Compiling[0m serialize-to-javascript-impl v0.1.2
[1m[92m   Compiling[0m wayland-sys v0.31.11
[1m[92m   Compiling[0m serialize-to-javascript v0.1.2
[1m[92m   Compiling[0m tauri-macros v2.6.3
[1m[92m   Compiling[0m muda v0.19.3
[1m[92m   Compiling[0m tracing-core v0.1.36
[1m[92m   Compiling[0m wayland-backend v0.3.15
[1m[92m   Compiling[0m ring v0.17.14
[1m[92m   Compiling[0m tracing-attributes v0.1.31
[1m[92m   Compiling[0m async-io v2.6.0
[1m[92m   Compiling[0m num-traits v0.2.19
[1m[92m   Compiling[0m mime v0.3.17
[1m[92m   Compiling[0m http-range v0.1.5
[1m[92m   Compiling[0m tracing v0.1.44
[1m[92m   Compiling[0m enumflags2 v0.7.12
[1m[92m   Compiling[0m polling v3.11.0
[1m[92m   Compiling[0m quick-xml v0.39.4
[1m[92m   Compiling[0m wayland-client v0.31.14
[1m[92m   Compiling[0m endi v1.1.1
[1m[92m   Compiling[0m async-task v4.7.1
[1m[92m   Compiling[0m downcast-rs v1.2.1
[1m[92m   Compiling[0m zeroize v1.9.0
[1m[92m   Compiling[0m rustls-pki-types v1.15.0
[1m[92m   Compiling[0m zvariant v5.13.1
[1m[92m   Compiling[0m wayland-scanner v0.31.10
[1m[92m   Compiling[0m async-channel v2.5.0
[1m[92m   Compiling[0m http-body v1.1.0
[1m[92m   Compiling[0m getrandom v0.2.17
[1m[92m   Compiling[0m foldhash v0.1.5
[1m[92m   Compiling[0m untrusted v0.9.0
[1m[92m   Compiling[0m httparse v1.10.1
[1m[92m   Compiling[0m hashbrown v0.15.5
[1m[92m   Compiling[0m async-signal v0.2.14
[1m[92m   Compiling[0m zbus_names v4.3.4
[1m[92m   Compiling[0m async-lock v3.4.2
[1m[92m   Compiling[0m piper v0.2.5
[1m[92m   Compiling[0m tauri-plugin-fs v2.5.1
[1m[92m   Compiling[0m ahash v0.8.12
[1m[92m   Compiling[0m try-lock v0.2.5
[1m[92m   Compiling[0m fixedbitset v0.5.7
[1m[92m   Compiling[0m tower-service v0.3.3
[1m[92m   Compiling[0m rustls v0.23.42
[1m[92m   Compiling[0m petgraph v0.8.3
[1m[92m   Compiling[0m async-process v2.5.0
[1m[92m   Compiling[0m want v0.3.1
[1m[92m   Compiling[0m blocking v1.6.2
[1m[92m   Compiling[0m zbus_macros v5.18.0
[1m[92m   Compiling[0m wayland-protocols v0.32.13
[1m[92m   Compiling[0m rustls-webpki v0.103.13
[1m[92m   Compiling[0m async-executor v1.14.0
[1m[92m   Compiling[0m async-broadcast v0.7.2
[1m[92m   Compiling[0m async-recursion v1.1.1
[1m[92m   Compiling[0m async-trait v0.1.89
[1m[92m   Compiling[0m ordered-stream v0.2.0
[1m[92m   Compiling[0m nom v8.0.0
[1m[92m   Compiling[0m ryu v1.0.23
[1m[92m   Compiling[0m subtle v2.6.1
[1m[92m   Compiling[0m vcpkg v0.2.15
[1m[92m   Compiling[0m inotify-sys v0.1.8
[1m[92m   Compiling[0m hex v0.4.3
[1m[92m   Compiling[0m pxfm v0.1.30
[1m[92m   Compiling[0m libsqlite3-sys v0.30.1
[1m[92m   Compiling[0m zbus v5.18.0
[1m[92m   Compiling[0m tree_magic_mini v3.2.2
[1m[92m   Compiling[0m moxcms v0.8.1
[1m[92m   Compiling[0m wayland-protocols-wlr v0.3.12
[1m[92m   Compiling[0m png v0.18.1
[1m[92m   Compiling[0m hyper v1.10.1
[1m[92m   Compiling[0m ppv-lite86 v0.2.21
[1m[92m   Compiling[0m rand_core v0.9.5
[1m[92m   Compiling[0m gethostname v1.1.0
[1m[92m   Compiling[0m tauri-plugin-notification v2.3.3
[1m[92m   Compiling[0m tauri-plugin-opener v2.5.4
[1m[92m   Compiling[0m tauri-plugin-dialog v2.7.1
[1m[92m   Compiling[0m tauri-plugin-elephant-android-vault v0.1.0 (/home/runner/work/ElephantNote/ElephantNote/repo/Elephant/backend/tauri-plugin-elephant-android-vault)
[1m[92m   Compiling[0m tauri-plugin-window-state v2.4.1
[1m[92m   Compiling[0m tauri-plugin-clipboard-manager v2.3.2
[1m[92m   Compiling[0m is-docker v0.2.0
[1m[92m   Compiling[0m sync_wrapper v1.0.2
[1m[92m   Compiling[0m os_pipe v1.2.3
[1m[92m   Compiling[0m ipnet v2.12.0
[1m[92m   Compiling[0m rfd v0.16.0
[1m[92m   Compiling[0m x11rb-protocol v0.13.2
[1m[92m   Compiling[0m tower-layer v0.3.3
[1m[92m   Compiling[0m byteorder-lite v0.1.0
[1m[92m   Compiling[0m bytemuck v1.25.1
[1m[92m   Compiling[0m image v0.25.10
[1m[92m   Compiling[0m x11rb v0.13.2
[1m[92m   Compiling[0m tower v0.5.3
[1m[92m   Compiling[0m hyper-util v0.1.20
[1m[92m   Compiling[0m wl-clipboard-rs v0.9.3
[1m[92m   Compiling[0m is-wsl v0.4.0
[1m[92m   Compiling[0m rand_chacha v0.9.0
[1m[92m   Compiling[0m hashbrown v0.14.5
[1m[92m   Compiling[0m tokio-rustls v0.26.4
[1m[92m   Compiling[0m webpki-roots v1.0.8
[1m[92m   Compiling[0m blake3 v1.8.5
[1m[92m   Compiling[0m csv-core v0.1.13
[1m[92m   Compiling[0m unicode-width v0.2.2
[1m[92m   Compiling[0m iana-time-zone v0.1.65
[1m[92m   Compiling[0m zip v2.4.2
[1m[92m   Compiling[0m pulldown-cmark v0.13.4
[1m[92m   Compiling[0m bumpalo v3.20.3
[1m[92m   Compiling[0m chrono v0.4.45
[1m[92m   Compiling[0m getopts v0.2.24
[1m[92m   Compiling[0m zopfli v0.8.3
[1m[92m   Compiling[0m csv v1.4.0
[1m[92m   Compiling[0m hyper-rustls v0.27.9
[1m[92m   Compiling[0m inotify v0.9.6
[1m[92m   Compiling[0m hashlink v0.9.1
[1m[92m   Compiling[0m rand v0.9.5
[1m[92m   Compiling[0m arboard v3.6.1
[1m[92m   Compiling[0m open v5.4.0
[1m[92m   Compiling[0m tower-http v0.6.11
[1m[92m   Compiling[0m notify-rust v4.18.0
[1m[92m   Compiling[0m serde_urlencoded v0.7.1
[1m[92m   Compiling[0m http-body-util v0.1.4
[1m[92m   Compiling[0m tokio-util v0.7.18
[1m[92m   Compiling[0m elephantnote-tauri v0.18.9 (/home/runner/work/ElephantNote/ElephantNote/repo/Elephant/backend/tauri)
[1m[92m   Compiling[0m mio v0.8.11
[1m[92m   Compiling[0m filetime v0.2.29
[1m[92m   Compiling[0m encoding_rs v0.8.35
[1m[92m   Compiling[0m thread_local v1.1.10
[1m[92m   Compiling[0m cpufeatures v0.3.0
[1m[92m   Compiling[0m constant_time_eq v0.4.2
[1m[92m   Compiling[0m arrayvec v0.7.8
[1m[92m   Compiling[0m unicase v2.9.0
[1m[92m   Compiling[0m fallible-streaming-iterator v0.1.9
[1m[92m   Compiling[0m pulldown-cmark-escape v0.11.0
[1m[92m   Compiling[0m arrayref v0.3.9
[1m[92m   Compiling[0m fallible-iterator v0.3.0
[1m[92m   Compiling[0m chardetng v0.1.17
[1m[92m   Compiling[0m fuzzy-matcher v0.3.7
[1m[92m   Compiling[0m notify v6.1.1
[1m[92m   Compiling[0m reqwest v0.12.28
[1m[92m   Compiling[0m keyring v3.6.3
[1m[92m   Compiling[0m rusqlite v0.32.1
[0m[1m[33mwarning[0m[0m[1m: function `embedded_mobile_descriptor` is never used[0m
[0m   [0m[0m[1m[38;5;12m--> [0m[0msrc/addon_services.rs:160:4[0m
[0m    [0m[0m[1m[38;5;12m|[0m
[0m[1m[38;5;12m160[0m[0m [0m[0m[1m[38;5;12m|[0m[0m [0m[0mfn embedded_mobile_descriptor(manifest: &Value, os: &str) -> R<(String, String)> {[0m
[0m    [0m[0m[1m[38;5;12m|[0m[0m    [0m[0m[1m[33m^^^^^^^^^^^^^^^^^^^^^^^^^^[0m
[0m    [0m[0m[1m[38;5;12m|[0m
[0m    [0m[0m[1m[38;5;12m= [0m[0m[1mnote[0m[0m: `#[warn(dead_code)]` (part of `#[warn(unused)]`) on by default[0m

[1m[33mwarning[0m: `elephantnote-tauri` (lib) generated 1 warning
[1m[92m    Finished[0m `release` profile [optimized] target(s) in 4m 56s
       Built application at: /home/runner/work/ElephantNote/ElephantNote/repo/Elephant/backend/tauri/target/release/Elephant
        Info Patching /home/runner/work/ElephantNote/ElephantNote/repo/Elephant/backend/tauri/target/release/Elephant with bundle type information: deb
    Bundling Elephant_0.18.9_amd64.deb (/home/runner/work/ElephantNote/ElephantNote/repo/Elephant/backend/tauri/target/release/bundle/deb/Elephant_0.18.9_amd64.deb)
        Info Patching /home/runner/work/ElephantNote/ElephantNote/repo/Elephant/backend/tauri/target/release/Elephant with bundle type information: appimage
 Downloading https://github.com/tauri-apps/binary-releases/releases/download/apprun-old/AppRun-x86_64
 Downloading https://github.com/tauri-apps/binary-releases/releases/download/linuxdeploy/linuxdeploy-x86_64.AppImage
 Downloading https://raw.githubusercontent.com/tauri-apps/linuxdeploy-plugin-gtk/master/linuxdeploy-plugin-gtk.sh
 Downloading https://raw.githubusercontent.com/tauri-apps/linuxdeploy-plugin-gstreamer/master/linuxdeploy-plugin-gstreamer.sh
 Downloading https://github.com/linuxdeploy/linuxdeploy-plugin-appimage/releases/download/continuous/linuxdeploy-plugin-appimage-x86_64.AppImage
    Bundling Elephant_0.18.9_amd64.AppImage (/home/runner/work/ElephantNote/ElephantNote/repo/Elephant/backend/tauri/target/release/bundle/appimage/Elephant_0.18.9_amd64.AppImage)
    Finished 2 bundles at:
        /home/runner/work/ElephantNote/ElephantNote/repo/Elephant/backend/tauri/target/release/bundle/deb/Elephant_0.18.9_amd64.deb
        /home/runner/work/ElephantNote/ElephantNote/repo/Elephant/backend/tauri/target/release/bundle/appimage/Elephant_0.18.9_amd64.AppImage

